arm,readout,angle,auc,false_alarm,hit,unrelated_false_alarm,task2_hit,identity,partial_mse,full_convergence
high_energy,equal,0.12,0.65408,0.649,0.867,0.0,1.0,0.0475,0.010434871423112295,1.0
high_energy,equal,0.24,0.77624,0.3365,0.867,0.0,1.0,0.0475,0.010434871423112295,1.0
high_energy,equal,0.48,0.95732,0.11800000000000002,0.867,0.0,1.0,0.0475,0.010434871423112295,1.0
high_energy,max_similarity,0.12,0.6744600000000001,0.6245,0.861,0.0,1.0,0.0475,0.010434871423112295,1.0
high_energy,max_similarity,0.24,0.7887799999999999,0.327,0.861,0.0,1.0,0.0475,0.010434871423112295,1.0
high_energy,max_similarity,0.48,1.0,0.0,0.861,0.0,1.0,0.0475,0.010434871423112295,1.0
high_energy,reconstruction,0.12,0.57688,0.7785,0.8640000000000001,0.0,0.9209999999999999,0.0475,0.010434871423112295,1.0
high_energy,reconstruction,0.24,0.63534,0.639,0.8640000000000001,0.0,0.9209999999999999,0.0475,0.010434871423112295,1.0
high_energy,reconstruction,0.48,0.7323000000000001,0.42700000000000005,0.8640000000000001,0.0,0.9209999999999999,0.0475,0.010434871423112295,1.0
high_energy,weighted,0.12,0.6607999999999999,0.647,0.867,0.0,1.0,0.0475,0.010434871423112295,1.0
high_energy,weighted,0.24,0.77568,0.3395,0.867,0.0,1.0,0.0475,0.010434871423112295,1.0
high_energy,weighted,0.48,0.7824,0.32,0.867,0.0,1.0,0.0475,0.010434871423112295,1.0
low_energy,equal,0.12,0.64984,0.7055,0.8779999999999999,0.0,1.0,0.04025,0.010552938314958396,1.0
low_energy,equal,0.24,0.76432,0.352,0.8779999999999999,0.0,1.0,0.04025,0.010552938314958396,1.0
low_energy,equal,0.48,0.9443999999999999,0.1575,0.8779999999999999,0.0,1.0,0.04025,0.010552938314958396,1.0
low_energy,max_similarity,0.12,0.67152,0.6385,0.8640000000000001,0.0,1.0,0.04025,0.010552938314958396,1.0
low_energy,max_similarity,0.24,0.7885,0.3285,0.8640000000000001,0.0,1.0,0.04025,0.010552938314958396,1.0
low_energy,max_similarity,0.48,1.0,0.0,0.8640000000000001,0.0,1.0,0.04025,0.010552938314958396,1.0
low_energy,reconstruction,0.12,0.57588,0.791,0.875,0.0,0.901,0.04025,0.010552938314958396,1.0
low_energy,reconstruction,0.24,0.63256,0.6595,0.875,0.0,0.901,0.04025,0.010552938314958396,1.0
low_energy,reconstruction,0.48,0.72488,0.461,0.875,0.0,0.901,0.04025,0.010552938314958396,1.0
low_energy,weighted,0.12,0.65394,0.702,0.8779999999999999,0.0,1.0,0.04025,0.010552938314958396,1.0
low_energy,weighted,0.24,0.75808,0.35150000000000003,0.8779999999999999,0.0,1.0,0.04025,0.010552938314958396,1.0
low_energy,weighted,0.48,0.78238,0.32,0.8779999999999999,0.0,1.0,0.04025,0.010552938314958396,1.0
no_replay,equal,0.12,0.7309599999999999,0.659,0.885,0.0,1.0,0.04,0.010644684005038346,1.0
no_replay,equal,0.24,0.97624,0.0615,0.885,0.0,1.0,0.04,0.010644684005038346,1.0
no_replay,equal,0.48,1.0,0.0,0.885,0.0,1.0,0.04,0.010644684005038346,1.0
no_replay,max_similarity,0.12,0.75908,0.5730000000000001,0.867,0.0,1.0,0.04,0.010644684005038346,1.0
no_replay,max_similarity,0.24,0.9902599999999999,0.026500000000000003,0.867,0.0,1.0,0.04,0.010644684005038346,1.0
no_replay,max_similarity,0.48,1.0,0.0,0.867,0.0,1.0,0.04,0.010644684005038346,1.0
no_replay,reconstruction,0.12,0.53628,0.8300000000000001,0.866,0.0,1.0,0.04,0.010644684005038346,1.0
no_replay,reconstruction,0.24,0.6282,0.6675,0.866,0.0,1.0,0.04,0.010644684005038346,1.0
no_replay,reconstruction,0.48,0.83284,0.2965,0.866,0.0,1.0,0.04,0.010644684005038346,1.0
no_replay,weighted,0.12,0.7309599999999999,0.659,0.885,0.0,1.0,0.04,0.010644684005038346,1.0
no_replay,weighted,0.24,0.97624,0.0615,0.885,0.0,1.0,0.04,0.010644684005038346,1.0
no_replay,weighted,0.48,1.0,0.0,0.885,0.0,1.0,0.04,0.010644684005038346,1.0
random_replay,equal,0.12,0.65124,0.682,0.866,0.0,1.0,0.042,0.010527959479433326,1.0
random_replay,equal,0.24,0.76902,0.3425,0.866,0.0,1.0,0.042,0.010527959479433326,1.0
random_replay,equal,0.48,0.94998,0.136,0.866,0.0,1.0,0.042,0.010527959479433326,1.0
random_replay,max_similarity,0.12,0.67228,0.632,0.859,0.0,1.0,0.042,0.010527959479433326,1.0
random_replay,max_similarity,0.24,0.7884800000000001,0.328,0.859,0.0,1.0,0.042,0.010527959479433326,1.0
random_replay,max_similarity,0.48,1.0,0.0,0.859,0.0,1.0,0.042,0.010527959479433326,1.0
random_replay,reconstruction,0.12,0.5761200000000001,0.796,0.8859999999999999,0.0,0.909,0.042,0.010527959479433326,1.0
random_replay,reconstruction,0.24,0.6337200000000001,0.6585,0.8859999999999999,0.0,0.909,0.042,0.010527959479433326,1.0
random_replay,reconstruction,0.48,0.7276,0.45,0.8859999999999999,0.0,0.909,0.042,0.010527959479433326,1.0
random_replay,weighted,0.12,0.65584,0.6765,0.8710000000000001,0.0,1.0,0.042,0.010527959479433326,1.0
random_replay,weighted,0.24,0.76476,0.344,0.8710000000000001,0.0,1.0,0.042,0.010527959479433326,1.0
random_replay,weighted,0.48,0.78238,0.32,0.8710000000000001,0.0,1.0,0.042,0.010527959479433326,1.0
