arm,angle,readout,metric,mean,low,high,confidence,primary,seeds
no_replay,0.12,equal,auc,0.0,0.0,0.0,0.95,False,40
no_replay,0.12,equal,false_alarm,0.0,0.0,0.0,0.95,False,40
no_replay,0.12,equal,hit,0.0,0.0,0.0,0.95,False,40
no_replay,0.12,reconstruction,auc,-0.19468000000000002,-0.20427999999999996,-0.18532,0.95,False,40
no_replay,0.12,reconstruction,false_alarm,0.17099999999999999,0.1435,0.1985,0.95,False,40
no_replay,0.12,reconstruction,hit,-0.019000000000000003,-0.03900000000000002,0.000999999999999998,0.95,False,40
no_replay,0.12,max_similarity,auc,0.02811999999999999,0.021899999999999996,0.03474000000000001,0.95,False,40
no_replay,0.12,max_similarity,false_alarm,-0.086,-0.10200000000000001,-0.06999999999999998,0.95,False,40
no_replay,0.12,max_similarity,hit,-0.018000000000000006,-0.034999999999999996,-0.002000000000000013,0.95,False,40
no_replay,0.24,equal,auc,0.0,0.0,0.0,0.95,False,40
no_replay,0.24,equal,false_alarm,0.0,0.0,0.0,0.95,False,40
no_replay,0.24,equal,hit,0.0,0.0,0.0,0.95,False,40
no_replay,0.24,reconstruction,auc,-0.34804,-0.3572805,-0.33846,0.95,False,40
no_replay,0.24,reconstruction,false_alarm,0.6060000000000001,0.5875,0.624,0.95,False,40
no_replay,0.24,reconstruction,hit,-0.019000000000000003,-0.03900000000000002,0.000999999999999998,0.95,False,40
no_replay,0.24,max_similarity,auc,0.014019999999999994,0.011100000000000002,0.01698000000000001,0.95,False,40
no_replay,0.24,max_similarity,false_alarm,-0.034999999999999996,-0.045,-0.025500000000000002,0.95,False,40
no_replay,0.24,max_similarity,hit,-0.018000000000000006,-0.034999999999999996,-0.002000000000000013,0.95,False,40
no_replay,0.48,equal,auc,0.0,0.0,0.0,0.95,False,40
no_replay,0.48,equal,false_alarm,0.0,0.0,0.0,0.95,False,40
no_replay,0.48,equal,hit,0.0,0.0,0.0,0.95,False,40
no_replay,0.48,reconstruction,auc,-0.16715999999999998,-0.17695999999999998,-0.15713949999999993,0.95,False,40
no_replay,0.48,reconstruction,false_alarm,0.2965,0.275,0.31799999999999995,0.95,False,40
no_replay,0.48,reconstruction,hit,-0.019000000000000003,-0.03900000000000002,0.000999999999999998,0.95,False,40
no_replay,0.48,max_similarity,auc,0.0,0.0,0.0,0.95,False,40
no_replay,0.48,max_similarity,false_alarm,0.0,0.0,0.0,0.95,False,40
no_replay,0.48,max_similarity,hit,-0.018000000000000006,-0.034999999999999996,-0.002000000000000013,0.95,False,40
random_replay,0.12,equal,auc,-0.004599999999999982,-0.005879999999999985,-0.0032799999999999856,0.95,False,40
random_replay,0.12,equal,false_alarm,0.005500000000000007,-0.001999999999999989,0.013000000000000017,0.95,False,40
random_replay,0.12,equal,hit,-0.004999999999999996,-0.012999999999999992,0.0020000000000000074,0.95,False,40
random_replay,0.12,reconstruction,auc,-0.07971999999999999,-0.08578,-0.07357999999999999,0.95,False,40
random_replay,0.12,reconstruction,false_alarm,0.11949999999999998,0.088,0.14999999999999997,0.95,False,40
random_replay,0.12,reconstruction,hit,0.015,-0.00800000000000001,0.038,0.95,False,40
random_replay,0.12,max_similarity,auc,0.016440000000000003,0.012240000000000006,0.02068000000000001,0.95,False,40
random_replay,0.12,max_similarity,false_alarm,-0.044500000000000005,-0.06000000000000001,-0.0295,0.95,False,40
random_replay,0.12,max_similarity,hit,-0.011999999999999993,-0.02699999999999999,0.002000000000000013,0.95,False,40
random_replay,0.24,equal,auc,0.004260000000000019,0.0032000000000000028,0.005340000000000014,0.95,False,40
random_replay,0.24,equal,false_alarm,-0.0014999999999999985,-0.003999999999999998,0.0009999999999999996,0.95,False,40
random_replay,0.24,equal,hit,-0.004999999999999996,-0.012999999999999992,0.0020000000000000074,0.95,False,40
random_replay,0.24,reconstruction,auc,-0.13104,-0.13835999999999998,-0.12349999999999998,0.95,False,40
random_replay,0.24,reconstruction,false_alarm,0.31449999999999995,0.295,0.3345,0.95,False,40
random_replay,0.24,reconstruction,hit,0.015,-0.00800000000000001,0.038,0.95,False,40
random_replay,0.24,max_similarity,auc,0.02372,0.01814,0.029700000000000025,0.95,False,40
random_replay,0.24,max_similarity,false_alarm,-0.015999999999999993,-0.023999999999999994,-0.008999999999999996,0.95,False,40
random_replay,0.24,max_similarity,hit,-0.011999999999999993,-0.02699999999999999,0.002000000000000013,0.95,False,40
random_replay,0.48,equal,auc,0.1676,0.16235999999999998,0.17264,0.95,False,40
random_replay,0.48,equal,false_alarm,-0.184,-0.196,-0.17149999999999999,0.95,False,40
random_replay,0.48,equal,hit,-0.004999999999999996,-0.012999999999999992,0.0020000000000000074,0.95,False,40
random_replay,0.48,reconstruction,auc,-0.054779999999999975,-0.06149999999999998,-0.04825999999999997,0.95,False,40
random_replay,0.48,reconstruction,false_alarm,0.12999999999999998,0.11099999999999999,0.14950000000000002,0.95,False,40
random_replay,0.48,reconstruction,hit,0.015,-0.00800000000000001,0.038,0.95,False,40
random_replay,0.48,max_similarity,auc,0.21762,0.21760000000000002,0.21766000000000002,0.95,False,40
random_replay,0.48,max_similarity,false_alarm,-0.32,-0.32,-0.32,0.95,False,40
random_replay,0.48,max_similarity,hit,-0.011999999999999993,-0.02699999999999999,0.002000000000000013,0.95,False,40
high_energy,0.12,equal,auc,-0.00671999999999999,-0.00789999999999998,-0.005500000000000002,0.95,False,40
high_energy,0.12,equal,false_alarm,0.0020000000000000005,-0.005499999999999994,0.008999999999999998,0.95,False,40
high_energy,0.12,equal,hit,0.0,0.0,0.0,0.95,False,40
high_energy,0.12,reconstruction,auc,-0.08391999999999998,-0.09059999999999999,-0.07723999999999998,0.95,False,40
high_energy,0.12,reconstruction,false_alarm,0.1315,0.1,0.162,0.95,False,40
high_energy,0.12,reconstruction,hit,-0.0030000000000000053,-0.026000000000000013,0.019999999999999987,0.95,False,40
high_energy,0.12,max_similarity,auc,0.01366,0.009919999999999993,0.017380000000000003,0.95,False,40
high_energy,0.12,max_similarity,false_alarm,-0.022500000000000003,-0.0365,-0.009500000000000001,0.95,False,40
high_energy,0.12,max_similarity,hit,-0.006,-0.019999999999999993,0.007999999999999997,0.95,False,40
high_energy,0.24,equal,auc,0.0005600000000000021,0.00010000000000000009,0.0011000000000000012,0.9944444444444445,True,40
high_energy,0.24,equal,false_alarm,-0.003,-0.006999999999999999,0.0005000000000000019,0.9944444444444445,True,40
high_energy,0.24,equal,hit,0.0,0.0,0.0,0.9944444444444445,True,40
high_energy,0.24,reconstruction,auc,-0.14034,-0.15116000000000002,-0.12964000000000003,0.9944444444444445,True,40
high_energy,0.24,reconstruction,false_alarm,0.2995,0.27149999999999996,0.32849999999999996,0.9944444444444445,True,40
high_energy,0.24,reconstruction,hit,-0.0030000000000000053,-0.037,0.02899999999999999,0.9944444444444445,True,40
high_energy,0.24,max_similarity,auc,0.013099999999999976,0.007277722222222184,0.020199999999999985,0.9944444444444445,True,40
high_energy,0.24,max_similarity,false_alarm,-0.012499999999999995,-0.021056944444444694,-0.0045,0.9944444444444445,True,40
high_energy,0.24,max_similarity,hit,-0.006,-0.025,0.013999999999999985,0.9944444444444445,True,40
high_energy,0.48,equal,auc,0.17492000000000002,0.16980000000000003,0.17984000000000003,0.95,False,40
high_energy,0.48,equal,false_alarm,-0.20199999999999996,-0.213,-0.191,0.95,False,40
high_energy,0.48,equal,hit,0.0,0.0,0.0,0.95,False,40
high_energy,0.48,reconstruction,auc,-0.050099999999999964,-0.05719999999999997,-0.043299999999999964,0.95,False,40
high_energy,0.48,reconstruction,false_alarm,0.10699999999999998,0.0905,0.12450000000000001,0.95,False,40
high_energy,0.48,reconstruction,hit,-0.0030000000000000053,-0.026000000000000013,0.019999999999999987,0.95,False,40
high_energy,0.48,max_similarity,auc,0.21760000000000002,0.21760000000000002,0.21760000000000002,0.95,False,40
high_energy,0.48,max_similarity,false_alarm,-0.32,-0.32,-0.32,0.95,False,40
high_energy,0.48,max_similarity,hit,-0.006,-0.019999999999999993,0.007999999999999997,0.95,False,40
low_energy,0.12,equal,auc,-0.00409999999999999,-0.005359999999999981,-0.002819999999999992,0.95,False,40
low_energy,0.12,equal,false_alarm,0.0035000000000000057,-0.0019999999999999905,0.009,0.95,False,40
low_energy,0.12,equal,hit,0.0,0.0,0.0,0.95,False,40
low_energy,0.12,reconstruction,auc,-0.07806,-0.08412000000000001,-0.07202,0.95,False,40
low_energy,0.12,reconstruction,false_alarm,0.089,0.05650000000000001,0.12,0.95,False,40
low_energy,0.12,reconstruction,hit,-0.0029999999999999944,-0.023000000000000003,0.017,0.95,False,40
low_energy,0.12,max_similarity,auc,0.01758000000000002,0.01326000000000004,0.021920000000000044,0.95,False,40
low_energy,0.12,max_similarity,false_alarm,-0.0635,-0.078,-0.049,0.95,False,40
low_energy,0.12,max_similarity,hit,-0.013999999999999995,-0.02799999999999999,-2.7755575615628915e-18,0.95,False,40
low_energy,0.24,equal,auc,0.006240000000000026,0.005400000000000021,0.007060000000000022,0.95,False,40
low_energy,0.24,equal,false_alarm,0.0005000000000000004,-0.002499999999999998,0.003499999999999996,0.95,False,40
low_energy,0.24,equal,hit,0.0,0.0,0.0,0.95,False,40
low_energy,0.24,reconstruction,auc,-0.12551999999999996,-0.13293999999999997,-0.11811999999999998,0.95,False,40
low_energy,0.24,reconstruction,false_alarm,0.308,0.28700000000000003,0.329,0.95,False,40
low_energy,0.24,reconstruction,hit,-0.0029999999999999944,-0.023000000000000003,0.017,0.95,False,40
low_energy,0.24,max_similarity,auc,0.030420000000000003,0.025559999999999992,0.035980000000000026,0.95,False,40
low_energy,0.24,max_similarity,false_alarm,-0.023,-0.032499999999999994,-0.014499999999999996,0.95,False,40
low_energy,0.24,max_similarity,hit,-0.013999999999999995,-0.02799999999999999,-2.7755575615628915e-18,0.95,False,40
low_energy,0.48,equal,auc,0.16202,0.1564,0.16735999999999998,0.95,False,40
low_energy,0.48,equal,false_alarm,-0.1625,-0.17450000000000002,-0.15,0.95,False,40
low_energy,0.48,equal,hit,0.0,0.0,0.0,0.95,False,40
low_energy,0.48,reconstruction,auc,-0.057499999999999975,-0.06359999999999999,-0.05147999999999997,0.95,False,40
low_energy,0.48,reconstruction,false_alarm,0.141,0.12599999999999997,0.15699999999999997,0.95,False,40
low_energy,0.48,reconstruction,hit,-0.0029999999999999944,-0.023000000000000003,0.017,0.95,False,40
low_energy,0.48,max_similarity,auc,0.21762,0.21760000000000002,0.21766000000000002,0.95,False,40
low_energy,0.48,max_similarity,false_alarm,-0.32,-0.32,-0.32,0.95,False,40
low_energy,0.48,max_similarity,hit,-0.013999999999999995,-0.02799999999999999,-2.7755575615628915e-18,0.95,False,40
