condition,angle,arm,seed,auc,false_alarm,hit,identity,mse,convergence,outlier_identity,cluster_identity,unrelated_false_alarm,task2_hit
n12_c15,0.12,high_energy,20270020.5,0.7310650887573964,0.7576923076923077,0.8923076923076924,0.5774038461538462,0.008804465217331883,0.991826923076923,0.66875,0.5697916666666667,0.0,1.0
n12_c15,0.12,low_energy,20270020.5,0.7311390532544378,0.7653846153846154,0.9038461538461539,0.5793269230769231,0.006824944193755863,1.0,0.00625,0.6270833333333334,0.0,1.0
n12_c15,0.12,no_replay,20270020.5,0.7686390532544378,0.6153846153846154,0.9076923076923077,0.5201923076923076,0.007347955863989846,1.0,0.38125,0.5317708333333333,0.0,1.0
n12_c15,0.12,random_replay,20270020.5,0.7318786982248521,0.7538461538461538,0.8903846153846153,0.5778846153846153,0.008047164892398763,0.991826923076923,0.44375,0.5890625,0.0,1.0
n12_c15,0.24,high_energy,20270020.5,0.7625,0.6153846153846154,0.8923076923076924,0.5774038461538462,0.008804465217331883,0.991826923076923,0.66875,0.5697916666666667,0.0,1.0
n12_c15,0.24,low_energy,20270020.5,0.7621301775147928,0.6163461538461539,0.9038461538461539,0.5793269230769231,0.006824944193755863,1.0,0.00625,0.6270833333333334,0.0,1.0
n12_c15,0.24,no_replay,20270020.5,0.9926775147928995,0.025,0.9076923076923077,0.5201923076923076,0.007347955863989846,1.0,0.38125,0.5317708333333333,0.0,1.0
n12_c15,0.24,random_replay,20270020.5,0.7624260355029586,0.6153846153846154,0.8903846153846153,0.5778846153846153,0.008047164892398763,0.991826923076923,0.44375,0.5890625,0.0,1.0
n12_c15,0.48,high_energy,20270020.5,0.7633136094674556,0.6153846153846154,0.8923076923076924,0.5774038461538462,0.008804465217331883,0.991826923076923,0.66875,0.5697916666666667,0.0,1.0
n12_c15,0.48,low_energy,20270020.5,0.7633136094674556,0.6153846153846154,0.9038461538461539,0.5793269230769231,0.006824944193755863,1.0,0.00625,0.6270833333333334,0.0,1.0
n12_c15,0.48,no_replay,20270020.5,1.0,0.0,0.9076923076923077,0.5201923076923076,0.007347955863989846,1.0,0.38125,0.5317708333333333,0.0,1.0
n12_c15,0.48,random_replay,20270020.5,0.7633136094674556,0.6153846153846154,0.8903846153846153,0.5778846153846153,0.008047164892398763,0.991826923076923,0.44375,0.5890625,0.0,1.0
n12_c35,0.12,high_energy,20270020.5,0.7187130177514793,0.7798076923076923,0.901923076923077,0.2245192307692308,0.008803289815574598,1.0,0.35625,0.21354166666666666,0.0,1.0
n12_c35,0.12,low_energy,20270020.5,0.7205621301775148,0.8288461538461538,0.901923076923077,0.15240384615384617,0.009776427016787988,1.0,0.0125,0.1640625,0.0,1.0
n12_c35,0.12,no_replay,20270020.5,0.7522189349112426,0.6548076923076923,0.8942307692307694,0.09663461538461539,0.010374206438947157,1.0,0.2,0.08802083333333333,0.0,1.0
n12_c35,0.12,random_replay,20270020.5,0.7194526627218936,0.7990384615384615,0.8961538461538462,0.1903846153846154,0.009250795631360708,1.0,0.20625,0.1890625,0.0,1.0
n12_c35,0.24,high_energy,20270020.5,0.7621301775147928,0.6192307692307693,0.901923076923077,0.2245192307692308,0.008803289815574598,1.0,0.35625,0.21354166666666666,0.0,1.0
n12_c35,0.24,low_energy,20270020.5,0.7519230769230769,0.6298076923076923,0.901923076923077,0.15240384615384617,0.009776427016787988,1.0,0.0125,0.1640625,0.0,1.0
n12_c35,0.24,no_replay,20270020.5,0.9834319526627219,0.04519230769230769,0.8942307692307694,0.09663461538461539,0.010374206438947157,1.0,0.2,0.08802083333333333,0.0,1.0
n12_c35,0.24,random_replay,20270020.5,0.7568047337278107,0.6221153846153846,0.8961538461538462,0.1903846153846154,0.009250795631360708,1.0,0.20625,0.1890625,0.0,1.0
n12_c35,0.48,high_energy,20270020.5,0.7633136094674556,0.6153846153846154,0.901923076923077,0.2245192307692308,0.008803289815574598,1.0,0.35625,0.21354166666666666,0.0,1.0
n12_c35,0.48,low_energy,20270020.5,0.7633136094674556,0.6153846153846154,0.901923076923077,0.15240384615384617,0.009776427016787988,1.0,0.0125,0.1640625,0.0,1.0
n12_c35,0.48,no_replay,20270020.5,1.0,0.0,0.8942307692307694,0.09663461538461539,0.010374206438947157,1.0,0.2,0.08802083333333333,0.0,1.0
n12_c35,0.48,random_replay,20270020.5,0.7633136094674556,0.6153846153846154,0.8961538461538462,0.1903846153846154,0.009250795631360708,1.0,0.20625,0.1890625,0.0,1.0
n12_c65,0.12,high_energy,20270020.5,0.6582100591715976,0.7701923076923076,0.8865384615384615,0.0889423076923077,0.006592514501296285,1.0,0.15625,0.08333333333333333,0.0,1.0
n12_c65,0.12,low_energy,20270020.5,0.6834319526627219,0.7980769230769231,0.8961538461538462,0.07692307692307693,0.0068540211129769196,1.0,0.0,0.08333333333333333,0.0,0.9230769230769231
n12_c65,0.12,no_replay,20270020.5,0.6603550295857988,0.7701923076923076,0.8826923076923077,0.0826923076923077,0.007275798033896344,1.0,0.075,0.08333333333333333,0.0,0.9230769230769231
n12_c65,0.12,random_replay,20270020.5,0.6678994082840236,0.7875,0.901923076923077,0.08365384615384616,0.006711789073711702,1.0,0.0875,0.08333333333333333,0.0,0.9711538461538461
n12_c65,0.24,high_energy,20270020.5,0.7231508875739645,0.635576923076923,0.8865384615384615,0.0889423076923077,0.006592514501296285,1.0,0.15625,0.08333333333333333,0.0,1.0
n12_c65,0.24,low_energy,20270020.5,0.7357988165680474,0.6519230769230769,0.8961538461538462,0.07692307692307693,0.0068540211129769196,1.0,0.0,0.08333333333333333,0.0,0.9230769230769231
n12_c65,0.24,no_replay,20270020.5,0.8771449704142013,0.29615384615384616,0.8826923076923077,0.0826923076923077,0.007275798033896344,1.0,0.075,0.08333333333333333,0.0,0.9230769230769231
n12_c65,0.24,random_replay,20270020.5,0.728180473372781,0.65,0.901923076923077,0.08365384615384616,0.006711789073711702,1.0,0.0875,0.08333333333333333,0.0,0.9711538461538461
n12_c65,0.48,high_energy,20270020.5,0.9762573964497042,0.07596153846153847,0.8865384615384615,0.0889423076923077,0.006592514501296285,1.0,0.15625,0.08333333333333333,0.0,1.0
n12_c65,0.48,low_energy,20270020.5,0.9118343195266272,0.11538461538461539,0.8961538461538462,0.07692307692307693,0.0068540211129769196,1.0,0.0,0.08333333333333333,0.0,0.9230769230769231
n12_c65,0.48,no_replay,20270020.5,0.9877218934911243,0.0,0.8826923076923077,0.0826923076923077,0.007275798033896344,1.0,0.075,0.08333333333333333,0.0,0.9230769230769231
n12_c65,0.48,random_replay,20270020.5,0.9513313609467456,0.10480769230769231,0.901923076923077,0.08365384615384616,0.006711789073711702,1.0,0.0875,0.08333333333333333,0.0,0.9711538461538461
n24_c15,0.12,high_energy,20270020.5,0.66716,0.6769999999999999,0.89,0.187,0.011250948178717798,1.0,0.3625,0.1796875,0.0,1.0
n24_c15,0.12,low_energy,20270020.5,0.66706,0.6995,0.897,0.17725,0.01145877932933496,1.0,0.00625,0.184375,0.0,1.0
n24_c15,0.12,no_replay,20270020.5,0.74912,0.6585,0.9109999999999999,0.04775,0.013063744310104142,1.0,0.03125,0.0484375,0.0,1.0
n24_c15,0.12,random_replay,20270020.5,0.66686,0.7005,0.898,0.1835,0.011343693313439646,1.0,0.175,0.18385416666666668,0.0,1.0
n24_c15,0.24,high_energy,20270020.5,0.77644,0.3325,0.89,0.187,0.011250948178717798,1.0,0.3625,0.1796875,0.0,1.0
n24_c15,0.24,low_energy,20270020.5,0.7761,0.337,0.897,0.17725,0.01145877932933496,1.0,0.00625,0.184375,0.0,1.0
n24_c15,0.24,no_replay,20270020.5,0.9858399999999999,0.0395,0.9109999999999999,0.04775,0.013063744310104142,1.0,0.03125,0.0484375,0.0,1.0
n24_c15,0.24,random_replay,20270020.5,0.7761,0.337,0.898,0.1835,0.011343693313439646,1.0,0.175,0.18385416666666668,0.0,1.0
n24_c15,0.48,high_energy,20270020.5,0.7824,0.32,0.89,0.187,0.011250948178717798,1.0,0.3625,0.1796875,0.0,1.0
n24_c15,0.48,low_energy,20270020.5,0.7824,0.32,0.897,0.17725,0.01145877932933496,1.0,0.00625,0.184375,0.0,1.0
n24_c15,0.48,no_replay,20270020.5,1.0,0.0,0.9109999999999999,0.04775,0.013063744310104142,1.0,0.03125,0.0484375,0.0,1.0
n24_c15,0.48,random_replay,20270020.5,0.7824,0.32,0.898,0.1835,0.011343693313439646,1.0,0.175,0.18385416666666668,0.0,1.0
n24_c35,0.12,high_energy,20270020.5,0.65748,0.6455,0.851,0.04525,0.010468137922506936,1.0,0.125,0.04192708333333333,0.0,1.0
n24_c35,0.12,low_energy,20270020.5,0.6525000000000001,0.6910000000000001,0.86,0.04025,0.01054686959975403,1.0,0.0,0.04192708333333333,0.0,1.0
n24_c35,0.12,no_replay,20270020.5,0.72602,0.6245,0.851,0.04,0.010639468201707683,1.0,0.0,0.041666666666666664,0.0,1.0
n24_c35,0.12,random_replay,20270020.5,0.6541,0.6815,0.857,0.042249999999999996,0.010514372154042252,1.0,0.05,0.04192708333333333,0.0,1.0
n24_c35,0.24,high_energy,20270020.5,0.7769,0.3325,0.851,0.04525,0.010468137922506936,1.0,0.125,0.04192708333333333,0.0,1.0
n24_c35,0.24,low_energy,20270020.5,0.75932,0.343,0.86,0.04025,0.01054686959975403,1.0,0.0,0.04192708333333333,0.0,1.0
n24_c35,0.24,no_replay,20270020.5,0.97478,0.0475,0.851,0.04,0.010639468201707683,1.0,0.0,0.041666666666666664,0.0,1.0
n24_c35,0.24,random_replay,20270020.5,0.7651600000000001,0.3415,0.857,0.042249999999999996,0.010514372154042252,1.0,0.05,0.04192708333333333,0.0,1.0
n24_c35,0.48,high_energy,20270020.5,0.7824,0.32,0.851,0.04525,0.010468137922506936,1.0,0.125,0.04192708333333333,0.0,1.0
n24_c35,0.48,low_energy,20270020.5,0.7824,0.32,0.86,0.04025,0.01054686959975403,1.0,0.0,0.04192708333333333,0.0,1.0
n24_c35,0.48,no_replay,20270020.5,1.0,0.0,0.851,0.04,0.010639468201707683,1.0,0.0,0.041666666666666664,0.0,1.0
n24_c35,0.48,random_replay,20270020.5,0.7824,0.32,0.857,0.042249999999999996,0.010514372154042252,1.0,0.05,0.04192708333333333,0.0,1.0
n24_c65,0.12,high_energy,20270020.5,0.60838,0.696,0.865,0.04325,0.006378732216904203,1.0,0.08125,0.041666666666666664,0.0,0.9650000000000001
n24_c65,0.12,low_energy,20270020.5,0.59586,0.7405,0.8699999999999999,0.04,0.006422910738120467,1.0,0.0,0.041666666666666664,0.0,0.96
n24_c65,0.12,no_replay,20270020.5,0.6145400000000001,0.7525000000000001,0.861,0.0405,0.006866253134055549,1.0,0.0125,0.041666666666666664,0.0,0.96
n24_c65,0.12,random_replay,20270020.5,0.59884,0.7424999999999999,0.869,0.041,0.00640860036659958,1.0,0.025,0.041666666666666664,0.0,0.96
n24_c65,0.24,high_energy,20270020.5,0.73652,0.42350000000000004,0.865,0.04325,0.006378732216904203,1.0,0.08125,0.041666666666666664,0.0,0.9650000000000001
n24_c65,0.24,low_energy,20270020.5,0.70462,0.48200000000000004,0.8699999999999999,0.04,0.006422910738120467,1.0,0.0,0.041666666666666664,0.0,0.96
n24_c65,0.24,no_replay,20270020.5,0.8232200000000001,0.3865,0.861,0.0405,0.006866253134055549,1.0,0.0125,0.041666666666666664,0.0,0.96
n24_c65,0.24,random_replay,20270020.5,0.7126399999999999,0.46699999999999997,0.869,0.041,0.00640860036659958,1.0,0.025,0.041666666666666664,0.0,0.96
n24_c65,0.48,high_energy,20270020.5,0.9852399999999999,0.036,0.865,0.04325,0.006378732216904203,1.0,0.08125,0.041666666666666664,0.0,0.9650000000000001
n24_c65,0.48,low_energy,20270020.5,0.9490399999999999,0.042499999999999996,0.8699999999999999,0.04,0.006422910738120467,1.0,0.0,0.041666666666666664,0.0,0.96
n24_c65,0.48,no_replay,20270020.5,0.9631000000000001,0.006500000000000001,0.861,0.0405,0.006866253134055549,1.0,0.0125,0.041666666666666664,0.0,0.96
n24_c65,0.48,random_replay,20270020.5,0.9578,0.0465,0.869,0.041,0.00640860036659958,1.0,0.025,0.041666666666666664,0.0,0.96
n40_c15,0.12,high_energy,20270020.5,0.6897308149910768,0.6777439024390244,0.9176829268292683,0.03917682926829268,0.013123746533630904,1.0,0.1375,0.03671875,0.0,1.0
n40_c15,0.12,low_energy,20270020.5,0.6860053539559786,0.6829268292682926,0.9176829268292682,0.03567073170731707,0.013195030309582658,1.0,0.0,0.0365625,0.0,1.0
n40_c15,0.12,no_replay,20270020.5,0.758573765615705,0.6289634146341464,0.9115853658536585,0.024390243902439025,0.0132726505088934,1.0,0.0,0.025,0.0,1.0
n40_c15,0.12,random_replay,20270020.5,0.6871281975014872,0.6807926829268293,0.9182926829268293,0.03643292682926829,0.013184347480180377,1.0,0.01875,0.036875000000000005,0.0,1.0
n40_c15,0.24,high_energy,20270020.5,0.836131766805473,0.21890243902439024,0.9176829268292683,0.03917682926829268,0.013123746533630904,1.0,0.1375,0.03671875,0.0,1.0
n40_c15,0.24,low_energy,20270020.5,0.8354922665080309,0.22042682926829266,0.9176829268292682,0.03567073170731707,0.013195030309582658,1.0,0.0,0.0365625,0.0,1.0
n40_c15,0.24,no_replay,20270020.5,0.9893292682926829,0.03231707317073171,0.9115853658536585,0.024390243902439025,0.0132726505088934,1.0,0.0,0.025,0.0,1.0
n40_c15,0.24,random_replay,20270020.5,0.8356484235574063,0.2207317073170732,0.9182926829268293,0.03643292682926829,0.013184347480180377,1.0,0.01875,0.036875000000000005,0.0,1.0
n40_c15,0.48,high_energy,20270020.5,0.8429506246281976,0.1951219512195122,0.9176829268292683,0.03917682926829268,0.013123746533630904,1.0,0.1375,0.03671875,0.0,1.0
n40_c15,0.48,low_energy,20270020.5,0.8429506246281976,0.1951219512195122,0.9176829268292682,0.03567073170731707,0.013195030309582658,1.0,0.0,0.0365625,0.0,1.0
n40_c15,0.48,no_replay,20270020.5,1.0,0.0,0.9115853658536585,0.024390243902439025,0.0132726505088934,1.0,0.0,0.025,0.0,1.0
n40_c15,0.48,random_replay,20270020.5,0.8429506246281976,0.1951219512195122,0.9182926829268293,0.03643292682926829,0.013184347480180377,1.0,0.01875,0.036875000000000005,0.0,1.0
n40_c35,0.12,high_energy,20270020.5,0.6602394408090422,0.7277439024390244,0.9201219512195122,0.024847560975609757,0.010505843909246764,1.0,0.01875,0.025,0.0,1.0
n40_c35,0.12,low_energy,20270020.5,0.6556142177275431,0.7429878048780487,0.9115853658536585,0.024390243902439025,0.010501478821432425,1.0,0.0,0.025,0.0,1.0
n40_c35,0.12,no_replay,20270020.5,0.7131246281975014,0.751219512195122,0.9213414634146341,0.024390243902439025,0.01060630397038015,1.0,0.0,0.025,0.0,1.0
n40_c35,0.12,random_replay,20270020.5,0.6572129684711482,0.7387195121951219,0.9115853658536585,0.02454268292682927,0.01050275697094121,1.0,0.00625,0.025,0.0,1.0
n40_c35,0.24,high_energy,20270020.5,0.8234086853063654,0.2768292682926829,0.9201219512195122,0.024847560975609757,0.010505843909246764,1.0,0.01875,0.025,0.0,1.0
n40_c35,0.24,low_energy,20270020.5,0.8061793575252825,0.288109756097561,0.9115853658536585,0.024390243902439025,0.010501478821432425,1.0,0.0,0.025,0.0,1.0
n40_c35,0.24,no_replay,20270020.5,0.9572055324211778,0.14237804878048782,0.9213414634146341,0.024390243902439025,0.01060630397038015,1.0,0.0,0.025,0.0,1.0
n40_c35,0.24,random_replay,20270020.5,0.8111392028554432,0.286280487804878,0.9115853658536585,0.02454268292682927,0.01050275697094121,1.0,0.00625,0.025,0.0,1.0
n40_c35,0.48,high_energy,20270020.5,0.8433149910767401,0.1951219512195122,0.9201219512195122,0.024847560975609757,0.010505843909246764,1.0,0.01875,0.025,0.0,1.0
n40_c35,0.48,low_energy,20270020.5,0.8426977989292089,0.1951219512195122,0.9115853658536585,0.024390243902439025,0.010501478821432425,1.0,0.0,0.025,0.0,1.0
n40_c35,0.48,no_replay,20270020.5,0.9999851279000594,0.0,0.9213414634146341,0.024390243902439025,0.01060630397038015,1.0,0.0,0.025,0.0,1.0
n40_c35,0.48,random_replay,20270020.5,0.8427572873289708,0.1951219512195122,0.9115853658536585,0.02454268292682927,0.01050275697094121,1.0,0.00625,0.025,0.0,1.0
n40_c65,0.12,high_energy,20270020.5,0.5936942296252231,0.809451219512195,0.9213414634146341,0.024390243902439025,0.006298961781430436,1.0,0.0,0.025,0.0,0.975609756097561
n40_c65,0.12,low_energy,20270020.5,0.5921400951814396,0.8106707317073172,0.9231707317073171,0.024390243902439025,0.006271216439984717,1.0,0.0,0.025,0.0,0.975609756097561
n40_c65,0.12,no_replay,20270020.5,0.6049077929803689,0.8603658536585366,0.9317073170731707,0.024390243902439025,0.006577978379391167,1.0,0.0,0.025,0.0,0.975609756097561
n40_c65,0.12,random_replay,20270020.5,0.59273497917906,0.8170731707317073,0.9262195121951219,0.024390243902439025,0.006278610946169824,1.0,0.0,0.025,0.0,0.975609756097561
n40_c65,0.24,high_energy,20270020.5,0.7509815585960737,0.4823170731707317,0.9213414634146341,0.024390243902439025,0.006298961781430436,1.0,0.0,0.025,0.0,0.975609756097561
n40_c65,0.24,low_energy,20270020.5,0.7393441403926234,0.4911585365853658,0.9231707317073171,0.024390243902439025,0.006271216439984717,1.0,0.0,0.025,0.0,0.975609756097561
n40_c65,0.24,no_replay,20270020.5,0.8107897085068412,0.5280487804878049,0.9317073170731707,0.024390243902439025,0.006577978379391167,1.0,0.0,0.025,0.0,0.975609756097561
n40_c65,0.24,random_replay,20270020.5,0.7419690660321236,0.4972560975609756,0.9262195121951219,0.024390243902439025,0.006278610946169824,1.0,0.0,0.025,0.0,0.975609756097561
n40_c65,0.48,high_energy,20270020.5,0.986481261154075,0.036280487804878046,0.9213414634146341,0.024390243902439025,0.006298961781430436,1.0,0.0,0.025,0.0,0.975609756097561
n40_c65,0.48,low_energy,20270020.5,0.9662254610350981,0.03384146341463415,0.9231707317073171,0.024390243902439025,0.006271216439984717,1.0,0.0,0.025,0.0,0.975609756097561
n40_c65,0.48,no_replay,20270020.5,0.9710365853658537,0.020121951219512196,0.9317073170731707,0.024390243902439025,0.006577978379391167,1.0,0.0,0.025,0.0,0.975609756097561
n40_c65,0.48,random_replay,20270020.5,0.9713191552647233,0.036280487804878046,0.9262195121951219,0.024390243902439025,0.006278610946169824,1.0,0.0,0.025,0.0,0.975609756097561
