condition,angle,a,b,metric,n_seeds,mean,ci,level,primary
n12_c15,0.12,high_energy,random_replay,identity,40,-0.00048076923076922906,"[-0.006249999999999997, 0.005769230769230771]",0.95,False
n12_c15,0.12,low_energy,random_replay,identity,40,0.0014423076923076954,"[-0.006249999999999997, 0.009134615384615385]",0.95,False
n12_c15,0.12,high_energy,random_replay,false_alarm,40,0.003846153846153849,"[-0.0048076923076923045, 0.012500000000000006]",0.95,False
n12_c15,0.12,low_energy,random_replay,false_alarm,40,0.011538461538461543,"[-0.0009615384615384609, 0.024038461538461547]",0.95,False
n12_c15,0.12,high_energy,random_replay,auc,40,-0.0008136094674556255,"[-0.0029585798816568116, 0.0013313609467455634]",0.95,False
n12_c15,0.12,low_energy,random_replay,auc,40,-0.0007396449704142105,"[-0.0028846153846154078, 0.0013313609467455662]",0.95,False
n12_c15,0.12,high_energy,random_replay,hit,40,0.0019230769230769219,"[-0.003846153846153852, 0.007692307692307695]",0.95,False
n12_c15,0.12,low_energy,random_replay,hit,40,0.01346153846153845,"[-0.001923076923076933, 0.028846153846153844]",0.95,False
n12_c15,0.12,high_energy,random_replay,mse,40,0.000757300324933119,"[0.0003378910803464449, 0.0012479952722855233]",0.95,False
n12_c15,0.12,low_energy,random_replay,mse,40,-0.001222220698642899,"[-0.0018272134692428454, -0.0006553171823460087]",0.95,False
n12_c15,0.12,high_energy,random_replay,cluster_identity,40,-0.01927083333333333,"[-0.028645833333333332, -0.010937499999999998]",0.95,False
n12_c15,0.12,low_energy,random_replay,cluster_identity,40,0.03802083333333333,"[0.028125, 0.04791666666666666]",0.95,False
n12_c15,0.12,high_energy,random_replay,outlier_identity,40,0.225,"[0.125, 0.3375]",0.95,False
n12_c15,0.12,low_energy,random_replay,outlier_identity,40,-0.4375,"[-0.55625, -0.31875]",0.95,False
n12_c15,0.24,high_energy,random_replay,identity,40,-0.00048076923076922906,"[-0.006249999999999997, 0.005769230769230771]",0.95,False
n12_c15,0.24,low_energy,random_replay,identity,40,0.0014423076923076954,"[-0.006249999999999997, 0.009134615384615385]",0.95,False
n12_c15,0.24,high_energy,random_replay,false_alarm,40,0.0,"[0.0, 0.0]",0.95,False
n12_c15,0.24,low_energy,random_replay,false_alarm,40,0.0009615384615384609,"[0.0, 0.0028846153846153826]",0.95,False
n12_c15,0.24,high_energy,random_replay,auc,40,7.39644970414205e-05,"[-0.000295857988165682, 0.000591715976331364]",0.95,False
n12_c15,0.24,low_energy,random_replay,auc,40,-0.000295857988165682,"[-0.0011094674556213074, 0.00044378698224852297]",0.95,False
n12_c15,0.24,high_energy,random_replay,hit,40,0.0019230769230769219,"[-0.003846153846153852, 0.007692307692307695]",0.95,False
n12_c15,0.24,low_energy,random_replay,hit,40,0.01346153846153845,"[-0.001923076923076933, 0.028846153846153844]",0.95,False
n12_c15,0.24,high_energy,random_replay,mse,40,0.000757300324933119,"[0.0003378910803464449, 0.0012479952722855233]",0.95,False
n12_c15,0.24,low_energy,random_replay,mse,40,-0.001222220698642899,"[-0.0018272134692428454, -0.0006553171823460087]",0.95,False
n12_c15,0.24,high_energy,random_replay,cluster_identity,40,-0.01927083333333333,"[-0.028645833333333332, -0.010937499999999998]",0.95,False
n12_c15,0.24,low_energy,random_replay,cluster_identity,40,0.03802083333333333,"[0.028125, 0.04791666666666666]",0.95,False
n12_c15,0.24,high_energy,random_replay,outlier_identity,40,0.225,"[0.125, 0.3375]",0.95,False
n12_c15,0.24,low_energy,random_replay,outlier_identity,40,-0.4375,"[-0.55625, -0.31875]",0.95,False
n12_c15,0.48,high_energy,random_replay,identity,40,-0.00048076923076922906,"[-0.006249999999999997, 0.005769230769230771]",0.95,False
n12_c15,0.48,low_energy,random_replay,identity,40,0.0014423076923076954,"[-0.006249999999999997, 0.009134615384615385]",0.95,False
n12_c15,0.48,high_energy,random_replay,false_alarm,40,0.0,"[0.0, 0.0]",0.95,False
n12_c15,0.48,low_energy,random_replay,false_alarm,40,0.0,"[0.0, 0.0]",0.95,False
n12_c15,0.48,high_energy,random_replay,auc,40,0.0,"[0.0, 0.0]",0.95,False
n12_c15,0.48,low_energy,random_replay,auc,40,0.0,"[0.0, 0.0]",0.95,False
n12_c15,0.48,high_energy,random_replay,hit,40,0.0019230769230769219,"[-0.003846153846153852, 0.007692307692307695]",0.95,False
n12_c15,0.48,low_energy,random_replay,hit,40,0.01346153846153845,"[-0.001923076923076933, 0.028846153846153844]",0.95,False
n12_c15,0.48,high_energy,random_replay,mse,40,0.000757300324933119,"[0.0003378910803464449, 0.0012479952722855233]",0.95,False
n12_c15,0.48,low_energy,random_replay,mse,40,-0.001222220698642899,"[-0.0018272134692428454, -0.0006553171823460087]",0.95,False
n12_c15,0.48,high_energy,random_replay,cluster_identity,40,-0.01927083333333333,"[-0.028645833333333332, -0.010937499999999998]",0.95,False
n12_c15,0.48,low_energy,random_replay,cluster_identity,40,0.03802083333333333,"[0.028125, 0.04791666666666666]",0.95,False
n12_c15,0.48,high_energy,random_replay,outlier_identity,40,0.225,"[0.125, 0.3375]",0.95,False
n12_c15,0.48,low_energy,random_replay,outlier_identity,40,-0.4375,"[-0.55625, -0.31875]",0.95,False
n12_c35,0.12,high_energy,random_replay,identity,40,0.03413461538461539,"[0.021634615384615388, 0.04759615384615385]",0.95,False
n12_c35,0.12,low_energy,random_replay,identity,40,-0.03798076923076923,"[-0.053365384615384606, -0.023557692307692307]",0.95,False
n12_c35,0.12,high_energy,random_replay,false_alarm,40,-0.019230769230769235,"[-0.029807692307692323, -0.007692307692307695]",0.95,False
n12_c35,0.12,low_energy,random_replay,false_alarm,40,0.029807692307692302,"[0.0125, 0.04807692307692307]",0.95,False
n12_c35,0.12,high_energy,random_replay,auc,40,-0.000739644970414216,"[-0.003920118343195269, 0.002218934911242587]",0.95,False
n12_c35,0.12,low_energy,random_replay,auc,40,0.0011094674556213074,"[-0.0007396449704141994, 0.0031804733727810786]",0.95,False
n12_c35,0.12,high_energy,random_replay,hit,40,0.005769230769230763,"[-0.011538461538461544, 0.02307692307692306]",0.95,False
n12_c35,0.12,low_energy,random_replay,hit,40,0.005769230769230782,"[-0.015384615384615366, 0.02692307692307694]",0.95,False
n12_c35,0.12,high_energy,random_replay,mse,40,-0.0004475058157861086,"[-0.0006181545476232908, -0.0002867110057095933]",0.95,False
n12_c35,0.12,low_energy,random_replay,mse,40,0.0005256313854272803,"[0.00032934047071628183, 0.0007335011548924552]",0.95,False
n12_c35,0.12,high_energy,random_replay,cluster_identity,40,0.024479166666666666,"[0.0140625, 0.0359375]",0.95,False
n12_c35,0.12,low_energy,random_replay,cluster_identity,40,-0.025,"[-0.03645833333333333, -0.014583333333333334]",0.95,False
n12_c35,0.12,high_energy,random_replay,outlier_identity,40,0.15,"[0.0875, 0.21875]",0.95,False
n12_c35,0.12,low_energy,random_replay,outlier_identity,40,-0.19375,"[-0.28125, -0.1125]",0.95,False
n12_c35,0.24,high_energy,random_replay,identity,40,0.03413461538461539,"[0.021634615384615388, 0.04759615384615385]",0.95,False
n12_c35,0.24,low_energy,random_replay,identity,40,-0.03798076923076923,"[-0.053365384615384606, -0.023557692307692307]",0.95,False
n12_c35,0.24,high_energy,random_replay,false_alarm,40,-0.0028846153846153826,"[-0.006730769230769226, 0.0009615384615384609]",0.95,False
n12_c35,0.24,low_energy,random_replay,false_alarm,40,0.0076923076923076875,"[0.0028846153846153826, 0.013461538461538452]",0.95,False
n12_c35,0.24,high_energy,random_replay,auc,40,0.005325443786982251,"[0.003032544378698232, 0.007840236686390532]",0.95,False
n12_c35,0.24,low_energy,random_replay,auc,40,-0.004881656804733731,"[-0.006878698224852075, -0.002958579881656814]",0.95,False
n12_c35,0.24,high_energy,random_replay,hit,40,0.005769230769230763,"[-0.011538461538461544, 0.02307692307692306]",0.95,False
n12_c35,0.24,low_energy,random_replay,hit,40,0.005769230769230782,"[-0.015384615384615366, 0.02692307692307694]",0.95,False
n12_c35,0.24,high_energy,random_replay,mse,40,-0.0004475058157861086,"[-0.0006181545476232908, -0.0002867110057095933]",0.95,False
n12_c35,0.24,low_energy,random_replay,mse,40,0.0005256313854272803,"[0.00032934047071628183, 0.0007335011548924552]",0.95,False
n12_c35,0.24,high_energy,random_replay,cluster_identity,40,0.024479166666666666,"[0.0140625, 0.0359375]",0.95,False
n12_c35,0.24,low_energy,random_replay,cluster_identity,40,-0.025,"[-0.03645833333333333, -0.014583333333333334]",0.95,False
n12_c35,0.24,high_energy,random_replay,outlier_identity,40,0.15,"[0.0875, 0.21875]",0.95,False
n12_c35,0.24,low_energy,random_replay,outlier_identity,40,-0.19375,"[-0.28125, -0.1125]",0.95,False
n12_c35,0.48,high_energy,random_replay,identity,40,0.03413461538461539,"[0.021634615384615388, 0.04759615384615385]",0.95,False
n12_c35,0.48,low_energy,random_replay,identity,40,-0.03798076923076923,"[-0.053365384615384606, -0.023557692307692307]",0.95,False
n12_c35,0.48,high_energy,random_replay,false_alarm,40,0.0,"[0.0, 0.0]",0.95,False
n12_c35,0.48,low_energy,random_replay,false_alarm,40,0.0,"[0.0, 0.0]",0.95,False
n12_c35,0.48,high_energy,random_replay,auc,40,0.0,"[0.0, 0.0]",0.95,False
n12_c35,0.48,low_energy,random_replay,auc,40,0.0,"[0.0, 0.0]",0.95,False
n12_c35,0.48,high_energy,random_replay,hit,40,0.005769230769230763,"[-0.011538461538461544, 0.02307692307692306]",0.95,False
n12_c35,0.48,low_energy,random_replay,hit,40,0.005769230769230782,"[-0.015384615384615366, 0.02692307692307694]",0.95,False
n12_c35,0.48,high_energy,random_replay,mse,40,-0.0004475058157861086,"[-0.0006181545476232908, -0.0002867110057095933]",0.95,False
n12_c35,0.48,low_energy,random_replay,mse,40,0.0005256313854272803,"[0.00032934047071628183, 0.0007335011548924552]",0.95,False
n12_c35,0.48,high_energy,random_replay,cluster_identity,40,0.024479166666666666,"[0.0140625, 0.0359375]",0.95,False
n12_c35,0.48,low_energy,random_replay,cluster_identity,40,-0.025,"[-0.03645833333333333, -0.014583333333333334]",0.95,False
n12_c35,0.48,high_energy,random_replay,outlier_identity,40,0.15,"[0.0875, 0.21875]",0.95,False
n12_c35,0.48,low_energy,random_replay,outlier_identity,40,-0.19375,"[-0.28125, -0.1125]",0.95,False
n12_c65,0.12,high_energy,random_replay,identity,40,0.005288461538461539,"[0.002403846153846154, 0.008653846153846154]",0.95,False
n12_c65,0.12,low_energy,random_replay,identity,40,-0.006730769230769232,"[-0.010096153846153848, -0.003365384615384616]",0.95,False
n12_c65,0.12,high_energy,random_replay,false_alarm,40,-0.017307692307692312,"[-0.03173076923076924, -0.004807692307692313]",0.95,False
n12_c65,0.12,low_energy,random_replay,false_alarm,40,0.010576923076923086,"[-0.006730769230769229, 0.02884615384615386]",0.95,False
n12_c65,0.12,high_energy,random_replay,auc,40,-0.00968934911242604,"[-0.014053254437869835, -0.0056952662721893536]",0.95,False
n12_c65,0.12,low_energy,random_replay,auc,40,0.015532544378698252,"[0.010946745562130197, 0.020118343195266303]",0.95,False
n12_c65,0.12,high_energy,random_replay,hit,40,-0.01538461538461539,"[-0.0326923076923077, -0.0019230769230769273]",0.95,False
n12_c65,0.12,low_energy,random_replay,hit,40,-0.005769230769230763,"[-0.019278846153845734, 0.007692307692307704]",0.95,False
n12_c65,0.12,high_energy,random_replay,mse,40,-0.00011927457241541872,"[-0.00020627148113199192, -4.509601654942215e-05]",0.95,False
n12_c65,0.12,low_energy,random_replay,mse,40,0.0001422320392652176,"[6.3892313911663e-05, 0.00022988030291804093]",0.95,False
n12_c65,0.12,high_energy,random_replay,cluster_identity,40,0.0,"[0.0, 0.0]",0.95,False
n12_c65,0.12,low_energy,random_replay,cluster_identity,40,0.0,"[0.0, 0.0]",0.95,False
n12_c65,0.12,high_energy,random_replay,outlier_identity,40,0.06875,"[0.03125, 0.1125]",0.95,False
n12_c65,0.12,low_energy,random_replay,outlier_identity,40,-0.0875,"[-0.13125, -0.04375]",0.95,False
n12_c65,0.24,high_energy,random_replay,identity,40,0.005288461538461539,"[0.002403846153846154, 0.008653846153846154]",0.95,False
n12_c65,0.24,low_energy,random_replay,identity,40,-0.006730769230769232,"[-0.010096153846153848, -0.003365384615384616]",0.95,False
n12_c65,0.24,high_energy,random_replay,false_alarm,40,-0.014423076923076913,"[-0.02307692307692306, -0.006730769230769226]",0.95,False
n12_c65,0.24,low_energy,random_replay,false_alarm,40,0.0019230769230769219,"[-0.0076923076923076875, 0.012499999999999992]",0.95,False
n12_c65,0.24,high_energy,random_replay,auc,40,-0.005029585798816588,"[-0.007322485207100615, -0.0028846153846153995]",0.95,False
n12_c65,0.24,low_energy,random_replay,auc,40,0.007618343195266289,"[0.004807692307692316, 0.01042899408284027]",0.95,False
n12_c65,0.24,high_energy,random_replay,hit,40,-0.01538461538461539,"[-0.0326923076923077, -0.0019230769230769273]",0.95,False
n12_c65,0.24,low_energy,random_replay,hit,40,-0.005769230769230763,"[-0.019278846153845734, 0.007692307692307704]",0.95,False
n12_c65,0.24,high_energy,random_replay,mse,40,-0.00011927457241541872,"[-0.00020627148113199192, -4.509601654942215e-05]",0.95,False
n12_c65,0.24,low_energy,random_replay,mse,40,0.0001422320392652176,"[6.3892313911663e-05, 0.00022988030291804093]",0.95,False
n12_c65,0.24,high_energy,random_replay,cluster_identity,40,0.0,"[0.0, 0.0]",0.95,False
n12_c65,0.24,low_energy,random_replay,cluster_identity,40,0.0,"[0.0, 0.0]",0.95,False
n12_c65,0.24,high_energy,random_replay,outlier_identity,40,0.06875,"[0.03125, 0.1125]",0.95,False
n12_c65,0.24,low_energy,random_replay,outlier_identity,40,-0.0875,"[-0.13125, -0.04375]",0.95,False
n12_c65,0.48,high_energy,random_replay,identity,40,0.005288461538461539,"[0.002403846153846154, 0.008653846153846154]",0.95,False
n12_c65,0.48,low_energy,random_replay,identity,40,-0.006730769230769232,"[-0.010096153846153848, -0.003365384615384616]",0.95,False
n12_c65,0.48,high_energy,random_replay,false_alarm,40,-0.028846153846153844,"[-0.047115384615384615, -0.013461538461538464]",0.95,False
n12_c65,0.48,low_energy,random_replay,false_alarm,40,0.010576923076923078,"[-0.005769230769230765, 0.025961538461538463]",0.95,False
n12_c65,0.48,high_energy,random_replay,auc,40,0.024926035502958566,"[0.01494082840236686, 0.03528106508875738]",0.95,False
n12_c65,0.48,low_energy,random_replay,auc,40,-0.039497041420118326,"[-0.04926035502958579, -0.029583949704142007]",0.95,False
n12_c65,0.48,high_energy,random_replay,hit,40,-0.01538461538461539,"[-0.0326923076923077, -0.0019230769230769273]",0.95,False
n12_c65,0.48,low_energy,random_replay,hit,40,-0.005769230769230763,"[-0.019278846153845734, 0.007692307692307704]",0.95,False
n12_c65,0.48,high_energy,random_replay,mse,40,-0.00011927457241541872,"[-0.00020627148113199192, -4.509601654942215e-05]",0.95,False
n12_c65,0.48,low_energy,random_replay,mse,40,0.0001422320392652176,"[6.3892313911663e-05, 0.00022988030291804093]",0.95,False
n12_c65,0.48,high_energy,random_replay,cluster_identity,40,0.0,"[0.0, 0.0]",0.95,False
n12_c65,0.48,low_energy,random_replay,cluster_identity,40,0.0,"[0.0, 0.0]",0.95,False
n12_c65,0.48,high_energy,random_replay,outlier_identity,40,0.06875,"[0.03125, 0.1125]",0.95,False
n12_c65,0.48,low_energy,random_replay,outlier_identity,40,-0.0875,"[-0.13125, -0.04375]",0.95,False
n24_c15,0.12,high_energy,random_replay,identity,40,0.0035000000000000022,"[-0.001249999999999997, 0.008500000000000002]",0.95,False
n24_c15,0.12,low_energy,random_replay,identity,40,-0.00625,"[-0.011000000000000001, -0.002000000000000001]",0.95,False
n24_c15,0.12,high_energy,random_replay,false_alarm,40,-0.0235,"[-0.032499999999999994, -0.015000000000000005]",0.95,False
n24_c15,0.12,low_energy,random_replay,false_alarm,40,-0.0010000000000000037,"[-0.007500000000000007, 0.005999999999999997]",0.95,False
n24_c15,0.12,high_energy,random_replay,auc,40,0.00030000000000000024,"[-0.0010005000000000153, 0.0015600000000000086]",0.95,False
n24_c15,0.12,low_energy,random_replay,auc,40,0.00020000000000000017,"[-0.0006999999999999978, 0.0011199999999999932]",0.95,False
n24_c15,0.12,high_energy,random_replay,hit,40,-0.007999999999999993,"[-0.01599999999999999, 2.7755575615628915e-18]",0.95,False
n24_c15,0.12,low_energy,random_replay,hit,40,-0.0010000000000000037,"[-0.004000000000000006, 0.001999999999999996]",0.95,False
n24_c15,0.12,high_energy,random_replay,mse,40,-9.274513472184794e-05,"[-0.0001743688270409406, -1.593606686069989e-05]",0.95,False
n24_c15,0.12,low_energy,random_replay,mse,40,0.00011508601589531333,"[5.322962722309585e-05, 0.00018579579758051332]",0.95,False
n24_c15,0.12,high_energy,random_replay,cluster_identity,40,-0.004166666666666665,"[-0.008333333333333331, -0.00026041666666666227]",0.95,False
n24_c15,0.12,low_energy,random_replay,cluster_identity,40,0.0005208333333333343,"[-0.002604166666666667, 0.003906250000000002]",0.95,False
n24_c15,0.12,high_energy,random_replay,outlier_identity,40,0.1875,"[0.10625, 0.275]",0.95,False
n24_c15,0.12,low_energy,random_replay,outlier_identity,40,-0.16875,"[-0.24375, -0.1]",0.95,False
n24_c15,0.24,high_energy,random_replay,identity,40,0.0035000000000000022,"[-0.001249999999999997, 0.008500000000000002]",0.95,False
n24_c15,0.24,low_energy,random_replay,identity,40,-0.00625,"[-0.011000000000000001, -0.002000000000000001]",0.95,False
n24_c15,0.24,high_energy,random_replay,false_alarm,40,-0.0045,"[-0.0075000000000000015, -0.001999999999999999]",0.95,False
n24_c15,0.24,low_energy,random_replay,false_alarm,40,0.0,"[0.0, 0.0]",0.95,False
n24_c15,0.24,high_energy,random_replay,auc,40,0.0003399999999999931,"[-5.9999999999996166e-05, 0.0008199999999999985]",0.95,False
n24_c15,0.24,low_energy,random_replay,auc,40,-2.7755575615628915e-18,"[-0.00030000000000000306, 0.0002799999999999997]",0.95,False
n24_c15,0.24,high_energy,random_replay,hit,40,-0.007999999999999993,"[-0.01599999999999999, 2.7755575615628915e-18]",0.95,False
n24_c15,0.24,low_energy,random_replay,hit,40,-0.0010000000000000037,"[-0.004000000000000006, 0.001999999999999996]",0.95,False
n24_c15,0.24,high_energy,random_replay,mse,40,-9.274513472184794e-05,"[-0.0001743688270409406, -1.593606686069989e-05]",0.95,False
n24_c15,0.24,low_energy,random_replay,mse,40,0.00011508601589531333,"[5.322962722309585e-05, 0.00018579579758051332]",0.95,False
n24_c15,0.24,high_energy,random_replay,cluster_identity,40,-0.004166666666666665,"[-0.008333333333333331, -0.00026041666666666227]",0.95,False
n24_c15,0.24,low_energy,random_replay,cluster_identity,40,0.0005208333333333343,"[-0.002604166666666667, 0.003906250000000002]",0.95,False
n24_c15,0.24,high_energy,random_replay,outlier_identity,40,0.1875,"[0.10625, 0.275]",0.95,False
n24_c15,0.24,low_energy,random_replay,outlier_identity,40,-0.16875,"[-0.24375, -0.1]",0.95,False
n24_c15,0.48,high_energy,random_replay,identity,40,0.0035000000000000022,"[-0.001249999999999997, 0.008500000000000002]",0.95,False
n24_c15,0.48,low_energy,random_replay,identity,40,-0.00625,"[-0.011000000000000001, -0.002000000000000001]",0.95,False
n24_c15,0.48,high_energy,random_replay,false_alarm,40,0.0,"[0.0, 0.0]",0.95,False
n24_c15,0.48,low_energy,random_replay,false_alarm,40,0.0,"[0.0, 0.0]",0.95,False
n24_c15,0.48,high_energy,random_replay,auc,40,0.0,"[0.0, 0.0]",0.95,False
n24_c15,0.48,low_energy,random_replay,auc,40,0.0,"[0.0, 0.0]",0.95,False
n24_c15,0.48,high_energy,random_replay,hit,40,-0.007999999999999993,"[-0.01599999999999999, 2.7755575615628915e-18]",0.95,False
n24_c15,0.48,low_energy,random_replay,hit,40,-0.0010000000000000037,"[-0.004000000000000006, 0.001999999999999996]",0.95,False
n24_c15,0.48,high_energy,random_replay,mse,40,-9.274513472184794e-05,"[-0.0001743688270409406, -1.593606686069989e-05]",0.95,False
n24_c15,0.48,low_energy,random_replay,mse,40,0.00011508601589531333,"[5.322962722309585e-05, 0.00018579579758051332]",0.95,False
n24_c15,0.48,high_energy,random_replay,cluster_identity,40,-0.004166666666666665,"[-0.008333333333333331, -0.00026041666666666227]",0.95,False
n24_c15,0.48,low_energy,random_replay,cluster_identity,40,0.0005208333333333343,"[-0.002604166666666667, 0.003906250000000002]",0.95,False
n24_c15,0.48,high_energy,random_replay,outlier_identity,40,0.1875,"[0.10625, 0.275]",0.95,False
n24_c15,0.48,low_energy,random_replay,outlier_identity,40,-0.16875,"[-0.24375, -0.1]",0.95,False
n24_c35,0.12,high_energy,random_replay,identity,40,0.0030000000000000005,"[0.0015000000000000002, 0.00475]",0.95,False
n24_c35,0.12,low_energy,random_replay,identity,40,-0.0019999999999999996,"[-0.003999999999999999, -0.0004999999999999999]",0.95,False
n24_c35,0.12,high_energy,random_replay,false_alarm,40,-0.036,"[-0.045500000000000006, -0.027000000000000003]",0.95,False
n24_c35,0.12,low_energy,random_replay,false_alarm,40,0.009499999999999991,"[0.0029999999999999944, 0.017999999999999978]",0.95,False
n24_c35,0.12,high_energy,random_replay,auc,40,0.0033799999999999967,"[0.001919999999999994, 0.004899999999999993]",0.95,False
n24_c35,0.12,low_energy,random_replay,auc,40,-0.0016000000000000014,"[-0.002860000000000007, -0.00048000000000000267]",0.95,False
n24_c35,0.12,high_energy,random_replay,hit,40,-0.006000000000000005,"[-0.016999999999999994, 0.003999999999999987]",0.95,False
n24_c35,0.12,low_energy,random_replay,hit,40,0.0030000000000000027,"[-0.0040000000000000036, 0.011000000000000006]",0.95,False
n24_c35,0.12,high_energy,random_replay,mse,40,-4.623423153531665e-05,"[-7.943798661421985e-05, -1.60406947222803e-05]",0.95,False
n24_c35,0.12,low_energy,random_replay,mse,40,3.249744571177738e-05,"[9.408348720307175e-07, 7.321196398720038e-05]",0.95,False
n24_c35,0.12,high_energy,random_replay,cluster_identity,40,0.0,"[0.0, 0.0]",0.95,False
n24_c35,0.12,low_energy,random_replay,cluster_identity,40,0.0,"[0.0, 0.0]",0.95,False
n24_c35,0.12,high_energy,random_replay,outlier_identity,40,0.075,"[0.0375, 0.11875]",0.95,False
n24_c35,0.12,low_energy,random_replay,outlier_identity,40,-0.05,"[-0.1, -0.0125]",0.95,False
n24_c35,0.24,high_energy,random_replay,identity,40,0.0030000000000000005,"[0.0012500000000000002, 0.005]",0.975,True
n24_c35,0.24,low_energy,random_replay,identity,40,-0.0019999999999999996,"[-0.003999999999999999, -0.0004999999999999999]",0.95,False
n24_c35,0.24,high_energy,random_replay,false_alarm,40,-0.009000000000000003,"[-0.013000000000000006, -0.0055]",0.975,True
n24_c35,0.24,low_energy,random_replay,false_alarm,40,0.0015,"[-0.0005000000000000019, 0.0045]",0.95,False
n24_c35,0.24,high_energy,random_replay,auc,40,0.011739999999999995,"[0.008600000000000005, 0.014860000000000007]",0.95,False
n24_c35,0.24,low_energy,random_replay,auc,40,-0.005839999999999995,"[-0.00845999999999999, -0.0033399999999999958]",0.95,False
n24_c35,0.24,high_energy,random_replay,hit,40,-0.006000000000000005,"[-0.016999999999999994, 0.003999999999999987]",0.95,False
n24_c35,0.24,low_energy,random_replay,hit,40,0.0030000000000000027,"[-0.0040000000000000036, 0.011000000000000006]",0.95,False
n24_c35,0.24,high_energy,random_replay,mse,40,-4.623423153531665e-05,"[-7.943798661421985e-05, -1.60406947222803e-05]",0.95,False
n24_c35,0.24,low_energy,random_replay,mse,40,3.249744571177738e-05,"[9.408348720307175e-07, 7.321196398720038e-05]",0.95,False
n24_c35,0.24,high_energy,random_replay,cluster_identity,40,0.0,"[0.0, 0.0]",0.95,False
n24_c35,0.24,low_energy,random_replay,cluster_identity,40,0.0,"[0.0, 0.0]",0.95,False
n24_c35,0.24,high_energy,random_replay,outlier_identity,40,0.075,"[0.0375, 0.11875]",0.95,False
n24_c35,0.24,low_energy,random_replay,outlier_identity,40,-0.05,"[-0.1, -0.0125]",0.95,False
n24_c35,0.48,high_energy,random_replay,identity,40,0.0030000000000000005,"[0.0015000000000000002, 0.00475]",0.95,False
n24_c35,0.48,low_energy,random_replay,identity,40,-0.0019999999999999996,"[-0.003999999999999999, -0.0004999999999999999]",0.95,False
n24_c35,0.48,high_energy,random_replay,false_alarm,40,0.0,"[0.0, 0.0]",0.95,False
n24_c35,0.48,low_energy,random_replay,false_alarm,40,0.0,"[0.0, 0.0]",0.95,False
n24_c35,0.48,high_energy,random_replay,auc,40,0.0,"[0.0, 0.0]",0.95,False
n24_c35,0.48,low_energy,random_replay,auc,40,0.0,"[0.0, 0.0]",0.95,False
n24_c35,0.48,high_energy,random_replay,hit,40,-0.006000000000000005,"[-0.016999999999999994, 0.003999999999999987]",0.95,False
n24_c35,0.48,low_energy,random_replay,hit,40,0.0030000000000000027,"[-0.0040000000000000036, 0.011000000000000006]",0.95,False
n24_c35,0.48,high_energy,random_replay,mse,40,-4.623423153531665e-05,"[-7.943798661421985e-05, -1.60406947222803e-05]",0.95,False
n24_c35,0.48,low_energy,random_replay,mse,40,3.249744571177738e-05,"[9.408348720307175e-07, 7.321196398720038e-05]",0.95,False
n24_c35,0.48,high_energy,random_replay,cluster_identity,40,0.0,"[0.0, 0.0]",0.95,False
n24_c35,0.48,low_energy,random_replay,cluster_identity,40,0.0,"[0.0, 0.0]",0.95,False
n24_c35,0.48,high_energy,random_replay,outlier_identity,40,0.075,"[0.0375, 0.11875]",0.95,False
n24_c35,0.48,low_energy,random_replay,outlier_identity,40,-0.05,"[-0.1, -0.0125]",0.95,False
n24_c65,0.12,high_energy,random_replay,identity,40,0.00225,"[0.00075, 0.0042499999999999994]",0.95,False
n24_c65,0.12,low_energy,random_replay,identity,40,-0.0010000000000000002,"[-0.0020000000000000005, -0.00025000000000000006]",0.95,False
n24_c65,0.12,high_energy,random_replay,false_alarm,40,-0.046499999999999986,"[-0.06549999999999999, -0.02599999999999999]",0.95,False
n24_c65,0.12,low_energy,random_replay,false_alarm,40,-0.0019999999999999905,"[-0.021999999999999985, 0.02]",0.95,False
n24_c65,0.12,high_energy,random_replay,auc,40,0.009540000000000002,"[0.007520000000000004, 0.011539999999999995]",0.95,False
n24_c65,0.12,low_energy,random_replay,auc,40,-0.002979999999999991,"[-0.004819999999999982, -0.0013799999999999923]",0.95,False
n24_c65,0.12,high_energy,random_replay,hit,40,-0.004000000000000006,"[-0.02, 0.012999999999999992]",0.95,False
n24_c65,0.12,low_energy,random_replay,hit,40,0.0009999999999999953,"[-0.015, 0.018999999999999993]",0.95,False
n24_c65,0.12,high_energy,random_replay,mse,40,-2.9868149695378095e-05,"[-7.874728125116987e-05, 1.1243889783849325e-05]",0.95,False
n24_c65,0.12,low_energy,random_replay,mse,40,1.4310371520886924e-05,"[-4.91979795703633e-06, 3.731098286748126e-05]",0.95,False
n24_c65,0.12,high_energy,random_replay,cluster_identity,40,0.0,"[0.0, 0.0]",0.95,False
n24_c65,0.12,low_energy,random_replay,cluster_identity,40,0.0,"[0.0, 0.0]",0.95,False
n24_c65,0.12,high_energy,random_replay,outlier_identity,40,0.05625,"[0.01875, 0.10625]",0.95,False
n24_c65,0.12,low_energy,random_replay,outlier_identity,40,-0.025,"[-0.05, -0.00625]",0.95,False
n24_c65,0.24,high_energy,random_replay,identity,40,0.00225,"[0.00075, 0.0042499999999999994]",0.95,False
n24_c65,0.24,low_energy,random_replay,identity,40,-0.0010000000000000002,"[-0.0020000000000000005, -0.00025000000000000006]",0.95,False
n24_c65,0.24,high_energy,random_replay,false_alarm,40,-0.0435,"[-0.059, -0.027000000000000003]",0.95,False
n24_c65,0.24,low_energy,random_replay,false_alarm,40,0.015000000000000003,"[-0.0005000000000000004, 0.032]",0.95,False
n24_c65,0.24,high_energy,random_replay,auc,40,0.02388000000000002,"[0.019340000000000013, 0.02808000000000001]",0.95,False
n24_c65,0.24,low_energy,random_replay,auc,40,-0.008019999999999994,"[-0.012560499999999992, -0.003979999999999992]",0.95,False
n24_c65,0.24,high_energy,random_replay,hit,40,-0.004000000000000006,"[-0.02, 0.012999999999999992]",0.95,False
n24_c65,0.24,low_energy,random_replay,hit,40,0.0009999999999999953,"[-0.015, 0.018999999999999993]",0.95,False
n24_c65,0.24,high_energy,random_replay,mse,40,-2.9868149695378095e-05,"[-7.874728125116987e-05, 1.1243889783849325e-05]",0.95,False
n24_c65,0.24,low_energy,random_replay,mse,40,1.4310371520886924e-05,"[-4.91979795703633e-06, 3.731098286748126e-05]",0.95,False
n24_c65,0.24,high_energy,random_replay,cluster_identity,40,0.0,"[0.0, 0.0]",0.95,False
n24_c65,0.24,low_energy,random_replay,cluster_identity,40,0.0,"[0.0, 0.0]",0.95,False
n24_c65,0.24,high_energy,random_replay,outlier_identity,40,0.05625,"[0.01875, 0.10625]",0.95,False
n24_c65,0.24,low_energy,random_replay,outlier_identity,40,-0.025,"[-0.05, -0.00625]",0.95,False
n24_c65,0.48,high_energy,random_replay,identity,40,0.00225,"[0.00075, 0.0042499999999999994]",0.95,False
n24_c65,0.48,low_energy,random_replay,identity,40,-0.0010000000000000002,"[-0.0020000000000000005, -0.00025000000000000006]",0.95,False
n24_c65,0.48,high_energy,random_replay,false_alarm,40,-0.0105,"[-0.015000000000000003, -0.006]",0.95,False
n24_c65,0.48,low_energy,random_replay,false_alarm,40,-0.003999999999999999,"[-0.0075000000000000015, -0.0004999999999999997]",0.95,False
n24_c65,0.48,high_energy,random_replay,auc,40,0.02744000000000002,"[0.022300000000000007, 0.032300000000000016]",0.95,False
n24_c65,0.48,low_energy,random_replay,auc,40,-0.008760000000000013,"[-0.013640500000000017, -0.004340000000000008]",0.95,False
n24_c65,0.48,high_energy,random_replay,hit,40,-0.004000000000000006,"[-0.02, 0.012999999999999992]",0.95,False
n24_c65,0.48,low_energy,random_replay,hit,40,0.0009999999999999953,"[-0.015, 0.018999999999999993]",0.95,False
n24_c65,0.48,high_energy,random_replay,mse,40,-2.9868149695378095e-05,"[-7.874728125116987e-05, 1.1243889783849325e-05]",0.95,False
n24_c65,0.48,low_energy,random_replay,mse,40,1.4310371520886924e-05,"[-4.91979795703633e-06, 3.731098286748126e-05]",0.95,False
n24_c65,0.48,high_energy,random_replay,cluster_identity,40,0.0,"[0.0, 0.0]",0.95,False
n24_c65,0.48,low_energy,random_replay,cluster_identity,40,0.0,"[0.0, 0.0]",0.95,False
n24_c65,0.48,high_energy,random_replay,outlier_identity,40,0.05625,"[0.01875, 0.10625]",0.95,False
n24_c65,0.48,low_energy,random_replay,outlier_identity,40,-0.025,"[-0.05, -0.00625]",0.95,False
n40_c15,0.12,high_energy,random_replay,identity,40,0.00274390243902439,"[0.0007621951219512191, 0.004878048780487805]",0.95,False
n40_c15,0.12,low_energy,random_replay,identity,40,-0.0007621951219512196,"[-0.0018292682926829274, 0.00015243902439024388]",0.95,False
n40_c15,0.12,high_energy,random_replay,false_alarm,40,-0.003048780487804875,"[-0.007926829268292681, 0.0018292682926829313]",0.95,False
n40_c15,0.12,low_energy,random_replay,false_alarm,40,0.0021341463414634165,"[0.0, 0.004878048780487809]",0.95,False
n40_c15,0.12,high_energy,random_replay,auc,40,0.0026026174895895536,"[0.0013013087447947991, 0.004030339083878664]",0.95,False
n40_c15,0.12,low_energy,random_replay,auc,40,-0.0011228435455086171,"[-0.0021863845925044604, -0.00025282569898868733]",0.95,False
n40_c15,0.12,high_energy,random_replay,hit,40,-0.0006097560975609678,"[-0.006707317073170719, 0.005487804878048783]",0.95,False
n40_c15,0.12,low_energy,random_replay,hit,40,-0.0006097560975609762,"[-0.0030487804878048808, 0.0018292682926829285]",0.95,False
n40_c15,0.12,high_energy,random_replay,mse,40,-6.0600946549474756e-05,"[-9.311294914919026e-05, -3.0183497729746292e-05]",0.95,False
n40_c15,0.12,low_energy,random_replay,mse,40,1.0682829402280892e-05,"[-2.902523706922483e-06, 2.670512444245075e-05]",0.95,False
n40_c15,0.12,high_energy,random_replay,cluster_identity,40,-0.00015624999999999979,"[-0.0015624999999999997, 0.0014062499999999997]",0.95,False
n40_c15,0.12,low_energy,random_replay,cluster_identity,40,-0.0003125000000000003,"[-0.0012500000000000005, 0.0004687499999999999]",0.95,False
n40_c15,0.12,high_energy,random_replay,outlier_identity,40,0.11875,"[0.06875, 0.175]",0.95,False
n40_c15,0.12,low_energy,random_replay,outlier_identity,40,-0.01875,"[-0.05, 0.0]",0.95,False
n40_c15,0.24,high_energy,random_replay,identity,40,0.00274390243902439,"[0.0007621951219512191, 0.004878048780487805]",0.95,False
n40_c15,0.24,low_energy,random_replay,identity,40,-0.0007621951219512196,"[-0.0018292682926829274, 0.00015243902439024388]",0.95,False
n40_c15,0.24,high_energy,random_replay,false_alarm,40,-0.0018292682926829278,"[-0.0036585365853658547, -0.0003048780487804881]",0.95,False
n40_c15,0.24,low_energy,random_replay,false_alarm,40,-0.0003048780487804881,"[-0.0009146341463414642, 0.0]",0.95,False
n40_c15,0.24,high_energy,random_replay,auc,40,0.00048334324806663387,"[0.00014128494943486115, 0.000899762046400962]",0.95,False
n40_c15,0.24,low_energy,random_replay,auc,40,-0.00015615704937537445,"[-0.00039411064842355956, 2.2494051160019263e-05]",0.95,False
n40_c15,0.24,high_energy,random_replay,hit,40,-0.0006097560975609678,"[-0.006707317073170719, 0.005487804878048783]",0.95,False
n40_c15,0.24,low_energy,random_replay,hit,40,-0.0006097560975609762,"[-0.0030487804878048808, 0.0018292682926829285]",0.95,False
n40_c15,0.24,high_energy,random_replay,mse,40,-6.0600946549474756e-05,"[-9.311294914919026e-05, -3.0183497729746292e-05]",0.95,False
n40_c15,0.24,low_energy,random_replay,mse,40,1.0682829402280892e-05,"[-2.902523706922483e-06, 2.670512444245075e-05]",0.95,False
n40_c15,0.24,high_energy,random_replay,cluster_identity,40,-0.00015624999999999979,"[-0.0015624999999999997, 0.0014062499999999997]",0.95,False
n40_c15,0.24,low_energy,random_replay,cluster_identity,40,-0.0003125000000000003,"[-0.0012500000000000005, 0.0004687499999999999]",0.95,False
n40_c15,0.24,high_energy,random_replay,outlier_identity,40,0.11875,"[0.06875, 0.175]",0.95,False
n40_c15,0.24,low_energy,random_replay,outlier_identity,40,-0.01875,"[-0.05, 0.0]",0.95,False
n40_c15,0.48,high_energy,random_replay,identity,40,0.00274390243902439,"[0.0007621951219512191, 0.004878048780487805]",0.95,False
n40_c15,0.48,low_energy,random_replay,identity,40,-0.0007621951219512196,"[-0.0018292682926829274, 0.00015243902439024388]",0.95,False
n40_c15,0.48,high_energy,random_replay,false_alarm,40,0.0,"[0.0, 0.0]",0.95,False
n40_c15,0.48,low_energy,random_replay,false_alarm,40,0.0,"[0.0, 0.0]",0.95,False
n40_c15,0.48,high_energy,random_replay,auc,40,0.0,"[0.0, 0.0]",0.95,False
n40_c15,0.48,low_energy,random_replay,auc,40,0.0,"[0.0, 0.0]",0.95,False
n40_c15,0.48,high_energy,random_replay,hit,40,-0.0006097560975609678,"[-0.006707317073170719, 0.005487804878048783]",0.95,False
n40_c15,0.48,low_energy,random_replay,hit,40,-0.0006097560975609762,"[-0.0030487804878048808, 0.0018292682926829285]",0.95,False
n40_c15,0.48,high_energy,random_replay,mse,40,-6.0600946549474756e-05,"[-9.311294914919026e-05, -3.0183497729746292e-05]",0.95,False
n40_c15,0.48,low_energy,random_replay,mse,40,1.0682829402280892e-05,"[-2.902523706922483e-06, 2.670512444245075e-05]",0.95,False
n40_c15,0.48,high_energy,random_replay,cluster_identity,40,-0.00015624999999999979,"[-0.0015624999999999997, 0.0014062499999999997]",0.95,False
n40_c15,0.48,low_energy,random_replay,cluster_identity,40,-0.0003125000000000003,"[-0.0012500000000000005, 0.0004687499999999999]",0.95,False
n40_c15,0.48,high_energy,random_replay,outlier_identity,40,0.11875,"[0.06875, 0.175]",0.95,False
n40_c15,0.48,low_energy,random_replay,outlier_identity,40,-0.01875,"[-0.05, 0.0]",0.95,False
n40_c35,0.12,high_energy,random_replay,identity,40,0.00030487804878048775,"[0.0, 0.0007621951219512193]",0.95,False
n40_c35,0.12,low_energy,random_replay,identity,40,-0.00015243902439024388,"[-0.00045731707317073157, 0.0]",0.95,False
n40_c35,0.12,high_energy,random_replay,false_alarm,40,-0.01097560975609756,"[-0.017987804878048776, -0.004268292682926828]",0.95,False
n40_c35,0.12,low_energy,random_replay,false_alarm,40,0.0042682926829268305,"[0.0003048780487804853, 0.00884146341463415]",0.95,False
n40_c35,0.12,high_energy,random_replay,auc,40,0.0030264723378941065,"[0.0019259369422962441, 0.004164373884592507]",0.95,False
n40_c35,0.12,low_energy,random_replay,auc,40,-0.001598750743605004,"[-0.002572873289708516, -0.0007436049970255848]",0.95,False
n40_c35,0.12,high_energy,random_replay,hit,40,0.008536585365853661,"[0.0012195121951219467, 0.015243902439024399]",0.95,False
n40_c35,0.12,low_energy,random_replay,hit,40,2.7755575615628915e-18,"[-0.004878048780487793, 0.00548780487804878]",0.95,False
n40_c35,0.12,high_energy,random_replay,mse,40,3.0869383055536283e-06,"[-7.050370503641939e-06, 1.1051879915703771e-05]",0.95,False
n40_c35,0.12,low_energy,random_replay,mse,40,-1.278149508784866e-06,"[-5.603733942030324e-06, 4.991412071820467e-06]",0.95,False
n40_c35,0.12,high_energy,random_replay,cluster_identity,40,0.0,"[0.0, 0.0]",0.95,False
n40_c35,0.12,low_energy,random_replay,cluster_identity,40,0.0,"[0.0, 0.0]",0.95,False
n40_c35,0.12,high_energy,random_replay,outlier_identity,40,0.0125,"[0.0, 0.03125]",0.95,False
n40_c35,0.12,low_energy,random_replay,outlier_identity,40,-0.00625,"[-0.01875, 0.0]",0.95,False
n40_c35,0.24,high_energy,random_replay,identity,40,0.00030487804878048775,"[0.0, 0.0007621951219512193]",0.95,False
n40_c35,0.24,low_energy,random_replay,identity,40,-0.00015243902439024388,"[-0.00045731707317073157, 0.0]",0.95,False
n40_c35,0.24,high_energy,random_replay,false_alarm,40,-0.009451219512195123,"[-0.01432926829268293, -0.00487804878048781]",0.95,False
n40_c35,0.24,low_energy,random_replay,false_alarm,40,0.0018292682926829263,"[-0.0012195121951219475, 0.004878048780487803]",0.95,False
n40_c35,0.24,high_energy,random_replay,auc,40,0.01226948245092208,"[0.00967430101130281, 0.01470850684116599]",0.95,False
n40_c35,0.24,low_energy,random_replay,auc,40,-0.00495984533016062,"[-0.007428613920285543, -0.0026918500892325918]",0.95,False
n40_c35,0.24,high_energy,random_replay,hit,40,0.008536585365853661,"[0.0012195121951219467, 0.015243902439024399]",0.95,False
n40_c35,0.24,low_energy,random_replay,hit,40,2.7755575615628915e-18,"[-0.004878048780487793, 0.00548780487804878]",0.95,False
n40_c35,0.24,high_energy,random_replay,mse,40,3.0869383055536283e-06,"[-7.050370503641939e-06, 1.1051879915703771e-05]",0.95,False
n40_c35,0.24,low_energy,random_replay,mse,40,-1.278149508784866e-06,"[-5.603733942030324e-06, 4.991412071820467e-06]",0.95,False
n40_c35,0.24,high_energy,random_replay,cluster_identity,40,0.0,"[0.0, 0.0]",0.95,False
n40_c35,0.24,low_energy,random_replay,cluster_identity,40,0.0,"[0.0, 0.0]",0.95,False
n40_c35,0.24,high_energy,random_replay,outlier_identity,40,0.0125,"[0.0, 0.03125]",0.95,False
n40_c35,0.24,low_energy,random_replay,outlier_identity,40,-0.00625,"[-0.01875, 0.0]",0.95,False
n40_c35,0.48,high_energy,random_replay,identity,40,0.00030487804878048775,"[0.0, 0.0007621951219512193]",0.95,False
n40_c35,0.48,low_energy,random_replay,identity,40,-0.00015243902439024388,"[-0.00045731707317073157, 0.0]",0.95,False
n40_c35,0.48,high_energy,random_replay,false_alarm,40,0.0,"[0.0, 0.0]",0.95,False
n40_c35,0.48,low_energy,random_replay,false_alarm,40,0.0,"[0.0, 0.0]",0.95,False
n40_c35,0.48,high_energy,random_replay,auc,40,0.0005577037477692087,"[0.00026026174895897586, 0.000959250446163021]",0.95,False
n40_c35,0.48,low_energy,random_replay,auc,40,-5.9488399762056e-05,"[-0.0001264128494943618, -1.4872099940513306e-05]",0.95,False
n40_c35,0.48,high_energy,random_replay,hit,40,0.008536585365853661,"[0.0012195121951219467, 0.015243902439024399]",0.95,False
n40_c35,0.48,low_energy,random_replay,hit,40,2.7755575615628915e-18,"[-0.004878048780487793, 0.00548780487804878]",0.95,False
n40_c35,0.48,high_energy,random_replay,mse,40,3.0869383055536283e-06,"[-7.050370503641939e-06, 1.1051879915703771e-05]",0.95,False
n40_c35,0.48,low_energy,random_replay,mse,40,-1.278149508784866e-06,"[-5.603733942030324e-06, 4.991412071820467e-06]",0.95,False
n40_c35,0.48,high_energy,random_replay,cluster_identity,40,0.0,"[0.0, 0.0]",0.95,False
n40_c35,0.48,low_energy,random_replay,cluster_identity,40,0.0,"[0.0, 0.0]",0.95,False
n40_c35,0.48,high_energy,random_replay,outlier_identity,40,0.0125,"[0.0, 0.03125]",0.95,False
n40_c35,0.48,low_energy,random_replay,outlier_identity,40,-0.00625,"[-0.01875, 0.0]",0.95,False
n40_c65,0.12,high_energy,random_replay,identity,40,0.0,"[0.0, 0.0]",0.95,False
n40_c65,0.12,low_energy,random_replay,identity,40,0.0,"[0.0, 0.0]",0.95,False
n40_c65,0.12,high_energy,random_replay,false_alarm,40,-0.007621951219512185,"[-0.022256097560975602, 0.007926829268292693]",0.95,False
n40_c65,0.12,low_energy,random_replay,false_alarm,40,-0.006402439024390233,"[-0.021951219512195114, 0.010060975609756115]",0.95,False
n40_c65,0.12,high_energy,random_replay,auc,40,0.000959250446163018,"[0.00010410469958360966, 0.001873884592504466]",0.95,False
n40_c65,0.12,low_energy,random_replay,auc,40,-0.0005948839976204657,"[-0.0011377156454491443, -0.00010410469958357926]",0.95,False
n40_c65,0.12,high_energy,random_replay,hit,40,-0.004878048780487809,"[-0.01524390243902439, 0.005487804878048777]",0.95,False
n40_c65,0.12,low_energy,random_replay,hit,40,-0.0030487804878048808,"[-0.013414634146341461, 0.0073170731707317025]",0.95,False
n40_c65,0.12,high_energy,random_replay,mse,40,2.0350835260611815e-05,"[1.4935136423905576e-05, 2.568592315631016e-05]",0.95,False
n40_c65,0.12,low_energy,random_replay,mse,40,-7.394506185107738e-06,"[-1.2093363692973625e-05, -3.2921774686767416e-06]",0.95,False
n40_c65,0.12,high_energy,random_replay,cluster_identity,40,0.0,"[0.0, 0.0]",0.95,False
n40_c65,0.12,low_energy,random_replay,cluster_identity,40,0.0,"[0.0, 0.0]",0.95,False
n40_c65,0.12,high_energy,random_replay,outlier_identity,40,0.0,"[0.0, 0.0]",0.95,False
n40_c65,0.12,low_energy,random_replay,outlier_identity,40,0.0,"[0.0, 0.0]",0.95,False
n40_c65,0.24,high_energy,random_replay,identity,40,0.0,"[0.0, 0.0]",0.95,False
n40_c65,0.24,low_energy,random_replay,identity,40,0.0,"[0.0, 0.0]",0.95,False
n40_c65,0.24,high_energy,random_replay,false_alarm,40,-0.014939024390243902,"[-0.027439024390243906, -0.0012195121951219454]",0.95,False
n40_c65,0.24,low_energy,random_replay,false_alarm,40,-0.006097560975609753,"[-0.019207317073170724, 0.007621951219512202]",0.95,False
n40_c65,0.24,high_energy,random_replay,auc,40,0.009012492563950026,"[0.007093991671624031, 0.010901249256395008]",0.95,False
n40_c65,0.24,low_energy,random_replay,auc,40,-0.0026249256395003057,"[-0.004194118084473544, -0.001212076145151697]",0.95,False
n40_c65,0.24,high_energy,random_replay,hit,40,-0.004878048780487809,"[-0.01524390243902439, 0.005487804878048777]",0.95,False
n40_c65,0.24,low_energy,random_replay,hit,40,-0.0030487804878048808,"[-0.013414634146341461, 0.0073170731707317025]",0.95,False
n40_c65,0.24,high_energy,random_replay,mse,40,2.0350835260611815e-05,"[1.4935136423905576e-05, 2.568592315631016e-05]",0.95,False
n40_c65,0.24,low_energy,random_replay,mse,40,-7.394506185107738e-06,"[-1.2093363692973625e-05, -3.2921774686767416e-06]",0.95,False
n40_c65,0.24,high_energy,random_replay,cluster_identity,40,0.0,"[0.0, 0.0]",0.95,False
n40_c65,0.24,low_energy,random_replay,cluster_identity,40,0.0,"[0.0, 0.0]",0.95,False
n40_c65,0.24,high_energy,random_replay,outlier_identity,40,0.0,"[0.0, 0.0]",0.95,False
n40_c65,0.24,low_energy,random_replay,outlier_identity,40,0.0,"[0.0, 0.0]",0.95,False
n40_c65,0.48,high_energy,random_replay,identity,40,0.0,"[0.0, 0.0]",0.95,False
n40_c65,0.48,low_energy,random_replay,identity,40,0.0,"[0.0, 0.0]",0.95,False
n40_c65,0.48,high_energy,random_replay,false_alarm,40,-7.806255641895632e-19,"[-0.00304878048780488, 0.0033536585365853662]",0.95,False
n40_c65,0.48,low_energy,random_replay,false_alarm,40,-0.0024390243902439033,"[-0.005792682926829268, 0.0006097560975609751]",0.95,False
n40_c65,0.48,high_energy,random_replay,auc,40,0.015162105889351605,"[0.01229922665080312, 0.017809339678762675]",0.95,False
n40_c65,0.48,low_energy,random_replay,auc,40,-0.005093694229625223,"[-0.007979067519333725, -0.0024687685901249286]",0.95,False
n40_c65,0.48,high_energy,random_replay,hit,40,-0.004878048780487809,"[-0.01524390243902439, 0.005487804878048777]",0.95,False
n40_c65,0.48,low_energy,random_replay,hit,40,-0.0030487804878048808,"[-0.013414634146341461, 0.0073170731707317025]",0.95,False
n40_c65,0.48,high_energy,random_replay,mse,40,2.0350835260611815e-05,"[1.4935136423905576e-05, 2.568592315631016e-05]",0.95,False
n40_c65,0.48,low_energy,random_replay,mse,40,-7.394506185107738e-06,"[-1.2093363692973625e-05, -3.2921774686767416e-06]",0.95,False
n40_c65,0.48,high_energy,random_replay,cluster_identity,40,0.0,"[0.0, 0.0]",0.95,False
n40_c65,0.48,low_energy,random_replay,cluster_identity,40,0.0,"[0.0, 0.0]",0.95,False
n40_c65,0.48,high_energy,random_replay,outlier_identity,40,0.0,"[0.0, 0.0]",0.95,False
n40_c65,0.48,low_energy,random_replay,outlier_identity,40,0.0,"[0.0, 0.0]",0.95,False
