source,arm,readout,angle,auc,false_alarm,hit,identity,partial_mse,convergence,task2_hit,unrelated_false_alarm
coherent,high_energy,max_similarity,0.12,0.76298,0.604,0.885,0.04575,0.010775201844383912,1.0,1.0,0.0
coherent,high_energy,max_similarity,0.24,0.98902,0.026000000000000002,0.885,0.04575,0.010775201844383912,1.0,1.0,0.0
coherent,high_energy,max_similarity,0.48,1.0,0.0,0.885,0.04575,0.010775201844383912,1.0,1.0,0.0
coherent,high_energy,weighted,0.12,0.63454,0.7215,0.898,0.04575,0.010775201844383912,1.0,1.0,0.0
coherent,high_energy,weighted,0.24,0.7696799999999999,0.3585,0.898,0.04575,0.010775201844383912,1.0,1.0,0.0
coherent,high_energy,weighted,0.48,0.82026,0.2945,0.898,0.04575,0.010775201844383912,1.0,1.0,0.0
coherent,low_energy,max_similarity,0.12,0.76298,0.604,0.885,0.04,0.01086798417605705,1.0,1.0,0.0
coherent,low_energy,max_similarity,0.24,0.98902,0.026000000000000002,0.885,0.04,0.01086798417605705,1.0,1.0,0.0
coherent,low_energy,max_similarity,0.48,1.0,0.0,0.885,0.04,0.01086798417605705,1.0,1.0,0.0
coherent,low_energy,weighted,0.12,0.62326,0.7775000000000001,0.9109999999999999,0.04,0.01086798417605705,1.0,1.0,0.0
coherent,low_energy,weighted,0.24,0.75498,0.385,0.9109999999999999,0.04,0.01086798417605705,1.0,1.0,0.0
coherent,low_energy,weighted,0.48,0.81282,0.307,0.9109999999999999,0.04,0.01086798417605705,1.0,1.0,0.0
coherent,random_replay,max_similarity,0.12,0.76298,0.604,0.885,0.04025,0.010866746351314361,1.0,1.0,0.0
coherent,random_replay,max_similarity,0.24,0.98902,0.026000000000000002,0.885,0.04025,0.010866746351314361,1.0,1.0,0.0
coherent,random_replay,max_similarity,0.48,1.0,0.0,0.885,0.04025,0.010866746351314361,1.0,1.0,0.0
coherent,random_replay,weighted,0.12,0.6248400000000001,0.7545,0.901,0.04025,0.010866746351314361,1.0,1.0,0.0
coherent,random_replay,weighted,0.24,0.7575999999999999,0.3715,0.901,0.04025,0.010866746351314361,1.0,1.0,0.0
coherent,random_replay,weighted,0.48,0.8143799999999999,0.304,0.901,0.04025,0.010866746351314361,1.0,1.0,0.0
exact,high_energy,max_similarity,0.12,0.6751199999999999,0.686,0.906,0.04575,0.010465186531407253,1.0,1.0,0.0
exact,high_energy,max_similarity,0.24,0.7878000000000001,0.334,0.906,0.04575,0.010465186531407253,1.0,1.0,0.0
exact,high_energy,max_similarity,0.48,1.0,0.0,0.906,0.04575,0.010465186531407253,1.0,1.0,0.0
exact,high_energy,weighted,0.12,0.66196,0.7085,0.906,0.04575,0.010465186531407253,1.0,1.0,0.0
exact,high_energy,weighted,0.24,0.7751,0.34500000000000003,0.906,0.04575,0.010465186531407253,1.0,1.0,0.0
exact,high_energy,weighted,0.48,0.7824,0.32,0.906,0.04575,0.010465186531407253,1.0,1.0,0.0
exact,low_energy,max_similarity,0.12,0.67412,0.6925,0.905,0.04025,0.010553658745426664,1.0,1.0,0.0
exact,low_energy,max_similarity,0.24,0.78792,0.3335,0.905,0.04025,0.010553658745426664,1.0,1.0,0.0
exact,low_energy,max_similarity,0.48,1.0,0.0,0.905,0.04025,0.010553658745426664,1.0,1.0,0.0
exact,low_energy,weighted,0.12,0.65604,0.745,0.9039999999999999,0.04025,0.010553658745426664,1.0,1.0,0.0
exact,low_energy,weighted,0.24,0.7593799999999999,0.3585,0.9039999999999999,0.04025,0.010553658745426664,1.0,1.0,0.0
exact,low_energy,weighted,0.48,0.7823599999999999,0.32,0.9039999999999999,0.04025,0.010553658745426664,1.0,1.0,0.0
exact,random_replay,max_similarity,0.12,0.67472,0.6925,0.906,0.0405,0.010554049336490722,1.0,1.0,0.0
exact,random_replay,max_similarity,0.24,0.78772,0.3335,0.906,0.0405,0.010554049336490722,1.0,1.0,0.0
exact,random_replay,max_similarity,0.48,1.0,0.0,0.906,0.0405,0.010554049336490722,1.0,1.0,0.0
exact,random_replay,weighted,0.12,0.657,0.743,0.9039999999999999,0.0405,0.010554049336490722,1.0,1.0,0.0
exact,random_replay,weighted,0.24,0.76208,0.357,0.9039999999999999,0.0405,0.010554049336490722,1.0,1.0,0.0
exact,random_replay,weighted,0.48,0.78238,0.32,0.9039999999999999,0.0405,0.010554049336490722,1.0,1.0,0.0
independent,high_energy,max_similarity,0.12,0.73876,0.6435000000000001,0.885,0.04525,0.010489770436564645,1.0,1.0,0.0
independent,high_energy,max_similarity,0.24,0.98628,0.034,0.885,0.04525,0.010489770436564645,1.0,1.0,0.0
independent,high_energy,max_similarity,0.48,1.0,0.0,0.885,0.04525,0.010489770436564645,1.0,1.0,0.0
independent,high_energy,weighted,0.12,0.6434,0.718,0.914,0.04525,0.010489770436564645,1.0,1.0,0.0
independent,high_energy,weighted,0.24,0.7743800000000001,0.34500000000000003,0.914,0.04525,0.010489770436564645,1.0,1.0,0.0
independent,high_energy,weighted,0.48,0.80748,0.307,0.914,0.04525,0.010489770436564645,1.0,1.0,0.0
independent,low_energy,max_similarity,0.12,0.7394999999999999,0.645,0.885,0.04025,0.01057024501735327,1.0,1.0,0.0
independent,low_energy,max_similarity,0.24,0.98668,0.0325,0.885,0.04025,0.01057024501735327,1.0,1.0,0.0
independent,low_energy,max_similarity,0.48,1.0,0.0,0.885,0.04025,0.01057024501735327,1.0,1.0,0.0
independent,low_energy,weighted,0.12,0.63388,0.741,0.908,0.04025,0.01057024501735327,1.0,1.0,0.0
independent,low_energy,weighted,0.24,0.75918,0.358,0.908,0.04025,0.01057024501735327,1.0,1.0,0.0
independent,low_energy,weighted,0.48,0.8005199999999999,0.313,0.908,0.04025,0.01057024501735327,1.0,1.0,0.0
independent,random_replay,max_similarity,0.12,0.7398,0.644,0.885,0.04075,0.010563834989718541,1.0,1.0,0.0
independent,random_replay,max_similarity,0.24,0.9866999999999999,0.0325,0.885,0.04075,0.010563834989718541,1.0,1.0,0.0
independent,random_replay,max_similarity,0.48,1.0,0.0,0.885,0.04075,0.010563834989718541,1.0,1.0,0.0
independent,random_replay,weighted,0.12,0.63534,0.74,0.908,0.04075,0.010563834989718541,1.0,1.0,0.0
independent,random_replay,weighted,0.24,0.76198,0.356,0.908,0.04075,0.010563834989718541,1.0,1.0,0.0
independent,random_replay,weighted,0.48,0.80244,0.3115,0.908,0.04075,0.010563834989718541,1.0,1.0,0.0
none,no_replay,max_similarity,0.12,0.76298,0.604,0.885,0.04,0.010643571215534943,1.0,1.0,0.0
none,no_replay,max_similarity,0.24,0.98902,0.026000000000000002,0.885,0.04,0.010643571215534943,1.0,1.0,0.0
none,no_replay,max_similarity,0.48,1.0,0.0,0.885,0.04,0.010643571215534943,1.0,1.0,0.0
none,no_replay,weighted,0.12,0.7363999999999999,0.662,0.8880000000000001,0.04,0.010643571215534943,1.0,1.0,0.0
none,no_replay,weighted,0.24,0.97678,0.056999999999999995,0.8880000000000001,0.04,0.010643571215534943,1.0,1.0,0.0
none,no_replay,weighted,0.48,1.0,0.0,0.8880000000000001,0.04,0.010643571215534943,1.0,1.0,0.0
