comparison,source,readout,angle,metric,mean,low,high,confidence,primary,seeds
source_minus_exact,independent,weighted,0.12,auc,-0.018559999999999997,-0.020619999999999993,-0.01646000000000001,0.95,False,40
source_minus_exact,independent,weighted,0.12,false_alarm,0.009499999999999996,-0.002000000000000013,0.021500000000000005,0.95,False,40
source_minus_exact,independent,weighted,0.12,hit,0.007999999999999993,0.0,0.01599999999999999,0.95,False,40
source_minus_exact,independent,weighted,0.12,identity,-0.0004999999999999999,-0.0017500000000000003,0.0007500000000000001,0.95,False,40
source_minus_exact,independent,weighted,0.12,task2_hit,0.0,0.0,0.0,0.95,False,40
source_minus_exact,coherent,weighted,0.12,auc,-0.02742000000000001,-0.02951999999999999,-0.025360000000000004,0.95,False,40
source_minus_exact,coherent,weighted,0.12,false_alarm,0.013000000000000001,0.0034999999999999936,0.0225,0.95,False,40
source_minus_exact,coherent,weighted,0.12,hit,-0.008000000000000002,-0.020999999999999998,0.0039999999999999845,0.95,False,40
source_minus_exact,coherent,weighted,0.12,identity,-1.7347234759768072e-19,-0.0010000000000000002,0.0009999999999999998,0.95,False,40
source_minus_exact,coherent,weighted,0.12,task2_hit,0.0,0.0,0.0,0.95,False,40
high_minus_random,exact,weighted,0.12,auc,0.0049600000000000035,0.0033799999999999998,0.006600000000000003,0.95,False,40
high_minus_random,exact,weighted,0.12,false_alarm,-0.034499999999999996,-0.0465,-0.022500000000000013,0.95,False,40
high_minus_random,exact,weighted,0.12,identity,0.00525,0.0032500000000000003,0.0075000000000000015,0.95,False,40
high_minus_random,coherent,weighted,0.12,auc,0.009699999999999986,0.007739999999999988,0.011659999999999993,0.95,False,40
high_minus_random,coherent,weighted,0.12,false_alarm,-0.032999999999999995,-0.044012499999999496,-0.022,0.95,False,40
high_minus_random,coherent,weighted,0.12,identity,0.0055000000000000005,0.0035000000000000005,0.00775,0.95,False,40
high_minus_random,independent,weighted,0.12,auc,0.008060000000000008,0.0062800000000000356,0.009860000000000013,0.95,False,40
high_minus_random,independent,weighted,0.12,false_alarm,-0.02200000000000001,-0.03450000000000002,-0.010000000000000018,0.95,False,40
high_minus_random,independent,weighted,0.12,identity,0.0045,0.0027500000000000003,0.006500000000000001,0.95,False,40
policy_interaction_independent_minus_exact,independent,weighted,0.12,auc,0.0031000000000000055,0.001880000000000001,0.004359999999999994,0.95,False,40
policy_interaction_independent_minus_exact,independent,weighted,0.12,false_alarm,0.012499999999999987,0.003999999999999981,0.0215,0.95,False,40
policy_interaction_independent_minus_exact,independent,weighted,0.12,identity,-0.00075,-0.0017500000000000003,0.00025000000000000006,0.95,False,40
source_minus_exact,independent,weighted,0.24,auc,-0.0007200000000000151,-0.0016200000000000131,0.0001399999999999949,0.9964285714285714,True,40
source_minus_exact,independent,weighted,0.24,false_alarm,-1.3877787807814458e-18,-0.004500000000000004,0.005000000000000003,0.9964285714285714,True,40
source_minus_exact,independent,weighted,0.24,hit,0.007999999999999993,-0.0030000000000000083,0.019999999999999987,0.9964285714285714,True,40
source_minus_exact,independent,weighted,0.24,identity,-0.0004999999999999999,-0.0022500000000000003,0.0012500000000000002,0.9964285714285714,True,40
source_minus_exact,independent,weighted,0.24,task2_hit,0.0,0.0,0.0,0.9964285714285714,True,40
source_minus_exact,coherent,weighted,0.24,auc,-0.0054199999999999995,-0.006439999999999996,-0.004439999999999983,0.95,False,40
source_minus_exact,coherent,weighted,0.24,false_alarm,0.013499999999999995,0.00899999999999999,0.018999999999999996,0.95,False,40
source_minus_exact,coherent,weighted,0.24,hit,-0.008000000000000002,-0.020999999999999998,0.0039999999999999845,0.95,False,40
source_minus_exact,coherent,weighted,0.24,identity,-1.7347234759768072e-19,-0.0010000000000000002,0.0009999999999999998,0.95,False,40
source_minus_exact,coherent,weighted,0.24,task2_hit,0.0,0.0,0.0,0.95,False,40
high_minus_random,exact,weighted,0.24,auc,0.013020000000000007,0.009280000000000012,0.016640000000000002,0.9964285714285714,True,40
high_minus_random,exact,weighted,0.24,false_alarm,-0.011999999999999993,-0.020999999999999998,-0.004499999999999995,0.9964285714285714,True,40
high_minus_random,exact,weighted,0.24,identity,0.00525,0.00225,0.0085,0.9964285714285714,True,40
high_minus_random,coherent,weighted,0.24,auc,0.012080000000000011,0.009760000000000001,0.014340000000000016,0.95,False,40
high_minus_random,coherent,weighted,0.24,false_alarm,-0.012999999999999994,-0.02249999999999999,-0.005499999999999993,0.95,False,40
high_minus_random,coherent,weighted,0.24,identity,0.0055000000000000005,0.0035000000000000005,0.00775,0.95,False,40
high_minus_random,independent,weighted,0.24,auc,0.01239999999999998,0.008799999999999981,0.015939999999999985,0.9964285714285714,True,40
high_minus_random,independent,weighted,0.24,false_alarm,-0.011,-0.020499999999999997,-0.0034999999999999988,0.9964285714285714,True,40
high_minus_random,independent,weighted,0.24,identity,0.0045,0.0017500000000000003,0.007679017857142752,0.9964285714285714,True,40
policy_interaction_independent_minus_exact,independent,weighted,0.24,auc,-0.0006200000000000261,-0.0013000000000000392,5.43214285713908e-05,0.9964285714285714,True,40
policy_interaction_independent_minus_exact,independent,weighted,0.24,false_alarm,0.0009999999999999953,-0.004500000000000008,0.007499999999999998,0.9964285714285714,True,40
policy_interaction_independent_minus_exact,independent,weighted,0.24,identity,-0.00075,-0.0025,0.0007500000000000001,0.9964285714285714,True,40
source_minus_exact,independent,weighted,0.48,auc,0.02507999999999997,0.020799999999999964,0.02938050000000001,0.95,False,40
source_minus_exact,independent,weighted,0.48,false_alarm,-0.013000000000000006,-0.018000000000000006,-0.008500000000000004,0.95,False,40
source_minus_exact,independent,weighted,0.48,hit,0.007999999999999993,0.0,0.01599999999999999,0.95,False,40
source_minus_exact,independent,weighted,0.48,identity,-0.0004999999999999999,-0.0017500000000000003,0.0007500000000000001,0.95,False,40
source_minus_exact,independent,weighted,0.48,task2_hit,0.0,0.0,0.0,0.95,False,40
source_minus_exact,coherent,weighted,0.48,auc,0.03785999999999997,0.03127999999999996,0.04479999999999997,0.95,False,40
source_minus_exact,coherent,weighted,0.48,false_alarm,-0.025500000000000002,-0.033499999999999995,-0.0185,0.95,False,40
source_minus_exact,coherent,weighted,0.48,hit,-0.008000000000000002,-0.020999999999999998,0.0039999999999999845,0.95,False,40
source_minus_exact,coherent,weighted,0.48,identity,-1.7347234759768072e-19,-0.0010000000000000002,0.0009999999999999998,0.95,False,40
source_minus_exact,coherent,weighted,0.48,task2_hit,0.0,0.0,0.0,0.95,False,40
high_minus_random,exact,weighted,0.48,auc,2.0000000000000574e-05,0.0,6.0000000000001716e-05,0.95,False,40
high_minus_random,exact,weighted,0.48,false_alarm,0.0,0.0,0.0,0.95,False,40
high_minus_random,exact,weighted,0.48,identity,0.00525,0.0032500000000000003,0.0075000000000000015,0.95,False,40
high_minus_random,coherent,weighted,0.48,auc,0.005879999999999996,0.002360000000000001,0.009439999999999995,0.95,False,40
high_minus_random,coherent,weighted,0.48,false_alarm,-0.0095,-0.015999999999999997,-0.0035000000000000005,0.95,False,40
high_minus_random,coherent,weighted,0.48,identity,0.0055000000000000005,0.0035000000000000005,0.00775,0.95,False,40
high_minus_random,independent,weighted,0.48,auc,0.0050400000000000115,0.0024600000000000095,0.007800000000000001,0.95,False,40
high_minus_random,independent,weighted,0.48,false_alarm,-0.004500000000000001,-0.008000000000000002,-0.0015,0.95,False,40
high_minus_random,independent,weighted,0.48,identity,0.0045,0.0027500000000000003,0.006500000000000001,0.95,False,40
policy_interaction_independent_minus_exact,independent,weighted,0.48,auc,0.0050200000000000106,0.002440000000000006,0.007779999999999998,0.95,False,40
policy_interaction_independent_minus_exact,independent,weighted,0.48,false_alarm,-0.004500000000000001,-0.008000000000000002,-0.0015,0.95,False,40
policy_interaction_independent_minus_exact,independent,weighted,0.48,identity,-0.00075,-0.0017500000000000003,0.00025000000000000006,0.95,False,40
source_minus_exact,independent,max_similarity,0.12,auc,0.06364,0.057580000000000006,0.06980050000000004,0.95,False,40
source_minus_exact,independent,max_similarity,0.12,false_alarm,-0.042499999999999996,-0.0595,-0.025,0.95,False,40
source_minus_exact,independent,max_similarity,0.12,hit,-0.02099999999999999,-0.03399999999999999,-0.00899999999999999,0.95,False,40
source_minus_exact,independent,max_similarity,0.12,identity,-0.0004999999999999999,-0.0017500000000000003,0.0007500000000000001,0.95,False,40
source_minus_exact,independent,max_similarity,0.12,task2_hit,0.0,0.0,0.0,0.95,False,40
source_minus_exact,coherent,max_similarity,0.12,auc,0.08786000000000001,0.08138000000000001,0.09440050000000004,0.95,False,40
source_minus_exact,coherent,max_similarity,0.12,false_alarm,-0.082,-0.1025,-0.0615,0.95,False,40
source_minus_exact,coherent,max_similarity,0.12,hit,-0.02099999999999999,-0.03399999999999999,-0.00899999999999999,0.95,False,40
source_minus_exact,coherent,max_similarity,0.12,identity,-1.7347234759768072e-19,-0.0010000000000000002,0.0009999999999999998,0.95,False,40
source_minus_exact,coherent,max_similarity,0.12,task2_hit,0.0,0.0,0.0,0.95,False,40
high_minus_random,exact,max_similarity,0.12,auc,0.0003999999999999948,-0.0016800000000000066,0.002420000000000008,0.95,False,40
high_minus_random,exact,max_similarity,0.12,false_alarm,-0.006500000000000006,-0.013999999999999993,0.000500000000000006,0.95,False,40
high_minus_random,exact,max_similarity,0.12,identity,0.00525,0.0032500000000000003,0.0075000000000000015,0.95,False,40
high_minus_random,coherent,max_similarity,0.12,auc,0.0,0.0,0.0,0.95,False,40
high_minus_random,coherent,max_similarity,0.12,false_alarm,0.0,0.0,0.0,0.95,False,40
high_minus_random,coherent,max_similarity,0.12,identity,0.0055000000000000005,0.0035000000000000005,0.00775,0.95,False,40
high_minus_random,independent,max_similarity,0.12,auc,-0.001040000000000002,-0.002179999999999982,0.00013999999999999012,0.95,False,40
high_minus_random,independent,max_similarity,0.12,false_alarm,-0.000499999999999999,-0.004499999999999995,0.003499999999999996,0.95,False,40
high_minus_random,independent,max_similarity,0.12,identity,0.0045,0.0027500000000000003,0.006500000000000001,0.95,False,40
policy_interaction_independent_minus_exact,independent,max_similarity,0.12,auc,-0.0014399999999999968,-0.0035400000000000266,0.00064000000000001,0.95,False,40
policy_interaction_independent_minus_exact,independent,max_similarity,0.12,false_alarm,0.006000000000000007,-0.000499999999999999,0.012500000000000011,0.95,False,40
policy_interaction_independent_minus_exact,independent,max_similarity,0.12,identity,-0.00075,-0.0017500000000000003,0.00025000000000000006,0.95,False,40
source_minus_exact,independent,max_similarity,0.24,auc,0.19848,0.19451999999999997,0.20236,0.95,False,40
source_minus_exact,independent,max_similarity,0.24,false_alarm,-0.30000000000000004,-0.30550000000000005,-0.29400000000000004,0.95,False,40
source_minus_exact,independent,max_similarity,0.24,hit,-0.02099999999999999,-0.03399999999999999,-0.00899999999999999,0.95,False,40
source_minus_exact,independent,max_similarity,0.24,identity,-0.0004999999999999999,-0.0017500000000000003,0.0007500000000000001,0.95,False,40
source_minus_exact,independent,max_similarity,0.24,task2_hit,0.0,0.0,0.0,0.95,False,40
source_minus_exact,coherent,max_similarity,0.24,auc,0.20122,0.19713999999999998,0.2051,0.95,False,40
source_minus_exact,coherent,max_similarity,0.24,false_alarm,-0.308,-0.312,-0.3035,0.95,False,40
source_minus_exact,coherent,max_similarity,0.24,hit,-0.02099999999999999,-0.03399999999999999,-0.00899999999999999,0.95,False,40
source_minus_exact,coherent,max_similarity,0.24,identity,-1.7347234759768072e-19,-0.0010000000000000002,0.0009999999999999998,0.95,False,40
source_minus_exact,coherent,max_similarity,0.24,task2_hit,0.0,0.0,0.0,0.95,False,40
high_minus_random,exact,max_similarity,0.24,auc,8.00000000000023e-05,-0.0011599999999999861,0.001339999999999994,0.95,False,40
high_minus_random,exact,max_similarity,0.24,false_alarm,0.000499999999999999,0.0,0.0014999999999999972,0.95,False,40
high_minus_random,exact,max_similarity,0.24,identity,0.00525,0.0032500000000000003,0.0075000000000000015,0.95,False,40
high_minus_random,coherent,max_similarity,0.24,auc,0.0,0.0,0.0,0.95,False,40
high_minus_random,coherent,max_similarity,0.24,false_alarm,0.0,0.0,0.0,0.95,False,40
high_minus_random,coherent,max_similarity,0.24,identity,0.0055000000000000005,0.0035000000000000005,0.00775,0.95,False,40
high_minus_random,independent,max_similarity,0.24,auc,-0.0004199999999999982,-0.0009199999999999986,-5.9999999999998944e-05,0.95,False,40
high_minus_random,independent,max_similarity,0.24,false_alarm,0.0015,0.0,0.0034999999999999996,0.95,False,40
high_minus_random,independent,max_similarity,0.24,identity,0.0045,0.0027500000000000003,0.006500000000000001,0.95,False,40
policy_interaction_independent_minus_exact,independent,max_similarity,0.24,auc,-0.0005000000000000004,-0.0017000000000000014,0.0006199999999999984,0.95,False,40
policy_interaction_independent_minus_exact,independent,max_similarity,0.24,false_alarm,0.0010000000000000009,-0.000999999999999997,0.0030000000000000005,0.95,False,40
policy_interaction_independent_minus_exact,independent,max_similarity,0.24,identity,-0.00075,-0.0017500000000000003,0.00025000000000000006,0.95,False,40
source_minus_exact,independent,max_similarity,0.48,auc,5.551115123125783e-18,0.0,1.3877787807814457e-17,0.95,False,40
source_minus_exact,independent,max_similarity,0.48,false_alarm,0.0,0.0,0.0,0.95,False,40
source_minus_exact,independent,max_similarity,0.48,hit,-0.02099999999999999,-0.03399999999999999,-0.00899999999999999,0.95,False,40
source_minus_exact,independent,max_similarity,0.48,identity,-0.0004999999999999999,-0.0017500000000000003,0.0007500000000000001,0.95,False,40
source_minus_exact,independent,max_similarity,0.48,task2_hit,0.0,0.0,0.0,0.95,False,40
source_minus_exact,coherent,max_similarity,0.48,auc,5.551115123125783e-18,0.0,1.3877787807814457e-17,0.95,False,40
source_minus_exact,coherent,max_similarity,0.48,false_alarm,0.0,0.0,0.0,0.95,False,40
source_minus_exact,coherent,max_similarity,0.48,hit,-0.02099999999999999,-0.03399999999999999,-0.00899999999999999,0.95,False,40
source_minus_exact,coherent,max_similarity,0.48,identity,-1.7347234759768072e-19,-0.0010000000000000002,0.0009999999999999998,0.95,False,40
source_minus_exact,coherent,max_similarity,0.48,task2_hit,0.0,0.0,0.0,0.95,False,40
high_minus_random,exact,max_similarity,0.48,auc,0.0,0.0,0.0,0.95,False,40
high_minus_random,exact,max_similarity,0.48,false_alarm,0.0,0.0,0.0,0.95,False,40
high_minus_random,exact,max_similarity,0.48,identity,0.00525,0.0032500000000000003,0.0075000000000000015,0.95,False,40
high_minus_random,coherent,max_similarity,0.48,auc,0.0,0.0,0.0,0.95,False,40
high_minus_random,coherent,max_similarity,0.48,false_alarm,0.0,0.0,0.0,0.95,False,40
high_minus_random,coherent,max_similarity,0.48,identity,0.0055000000000000005,0.0035000000000000005,0.00775,0.95,False,40
high_minus_random,independent,max_similarity,0.48,auc,0.0,0.0,0.0,0.95,False,40
high_minus_random,independent,max_similarity,0.48,false_alarm,0.0,0.0,0.0,0.95,False,40
high_minus_random,independent,max_similarity,0.48,identity,0.0045,0.0027500000000000003,0.006500000000000001,0.95,False,40
policy_interaction_independent_minus_exact,independent,max_similarity,0.48,auc,0.0,0.0,0.0,0.95,False,40
policy_interaction_independent_minus_exact,independent,max_similarity,0.48,false_alarm,0.0,0.0,0.0,0.95,False,40
policy_interaction_independent_minus_exact,independent,max_similarity,0.48,identity,-0.00075,-0.0017500000000000003,0.00025000000000000006,0.95,False,40
